name,sector,priority,website,email,city,source,validation_status,notes
Rua Al-Madinah Holding,Mega-projet PIF,1,https://www.ruaalmadinah.com,,Médine,https://talent.ruaalmadinah.com/Careers/search,PORTAL_ONLY,PIF Vision 2030 flagship Madinah - careers@ruaalmadinah.com BOUNCED - portail uniquement + LinkedIn HR
Knowledge Economic City,Mega-projet,1,https://www.madinahkec.com,,Médine,https://www.madinahkec.com/workwithkec,PORTAL_ONLY,20k jobs project - tous patterns @madinahkec.com REJECT Outlook M365 - portail careers uniquement
Taiba Investments,Real Estate,1,https://www.taiba.com.sa,careers@taiba.com.sa,Médine,https://www.taiba.com.sa/en/who-we-are/careers,RISKY,PIF Madinah real estate - M365 catch-all bloque validation externe - tester par envoi reel
Anwar Al Madinah Movenpick,Hotel 5*,1,https://all.accor.com,,Médine,https://careers.accor.com/,PORTAL_ONLY,Accor flagship - hr.almadina@movenpick.com BOUNCED - portail Accor central + LinkedIn cluster HR KSA
Pullman ZamZam Madinah,Hotel 5*,1,https://all.accor.com,,Médine,https://careers.accor.com/,PORTAL_ONLY,Face Haram - h7187-hr@accor.com BOUNCED + hr@pullman-zamzam-madina.com BOUNCED - portail Accor uniquement
Sofitel Shahd Al Madinah,Hotel luxe,1,https://all.accor.com,,Médine,https://careers.accor.com/,PORTAL_ONLY,Accor luxury - hr.shahd@sofitel.com BOUNCED - portail Accor + LinkedIn KSA luxury cluster
Novotel Madinah,Hotel 4*,1,https://all.accor.com,,Médine,https://careers.accor.com/,PORTAL_ONLY,DM Manager 2026 actif - novotelmadinah.com DOMAIN_NOT_FOUND - portail Accor uniquement
Dar Al Iman InterContinental,Hotel 5*,1,https://www.ihg.com,,Médine,https://careers.ihg.com/,PORTAL_ONLY,IHG flagship - hr.daraliman@ihg.com + careers@daraliman.com BOUNCED - portail IHG MENA + DM Sarah Khan LinkedIn
InterContinental Dar Al Hijra,Hotel 5*,1,https://www.ihg.com,,Médine,https://careers.ihg.com/,PORTAL_ONLY,IHG sister property - hr.daralhijra@ihg.com BOUNCED - portail IHG + LinkedIn HR MENA
Crowne Plaza Madinah,Hotel 5*,1,https://www.ihg.com,,Médine,https://careers.ihg.com/,PORTAL_ONLY,IHG cluster - portail IHG uniquement
Hilton Madinah,Hotel 5*,1,https://www.hilton.com,,Médine,https://jobs.hilton.com/,PORTAL_ONLY,357 rooms - madinah.hr@hilton.com M365 REJECT - portail Hilton MENA
Hyatt Regency Madinah,Hotel 5*,1,https://www.hyatt.com,,Médine,https://careers.hyatt.com/,PORTAL_ONLY,Hyatt premium - madinah.hr@hyatt.com BOUNCED - portail Hyatt + LinkedIn MENA HR
Marriott Madinah Cluster,Hotel 5*,1,https://www.marriott.com,,Médine,https://careers.marriott.com/,PORTAL_ONLY,CLUSTER UNIFIE Marriott + Sheraton + Le Meridien Madinah - portail corporate Marriott - LinkedIn MENA Talent
The Oberoi Madina,Hotel luxe,1,https://www.oberoihotels.com,careers.madina@oberoihotels.com,Médine,https://oberoihotels.com/careers,RISKY,Ultra-luxury - M365 catch-all bloque validation externe - tester par envoi reel
Shaza Al Madina,Hotel luxe,1,https://www.shazahotels.com,info@shazahotels.com,Médine,https://www.shazahotels.com/careers,MX_VALID,Sharia-compliant luxury - info@shazahotels.com SMTP 250 OK Google - hr.almadina@shazahotels.com BOUNCED
Elaf Group,Hospitality,1,https://www.elafgroup.com,career@elafgroup.com,Médine,https://www.elafgroup.com/careers + verified-email,MX_VALID,Saudi chain corporate - tous patterns @elafgroup.com M365 REJECT + elaf.com.sa BOUNCED - portail + LinkedIn Elaf HR
Almosafer (Seera Group),OTA,1,https://www.seera.sa,careers@seera.sa,KSA,https://seera.sa/careers,MX_VALID,#1 KSA travel - careers@seera.sa SMTP 250 OK Cloudflare - careers@almosafer.com BOUNCED utiliser seera.sa
Mawasim (Seera/Almosafer),Travel,1,https://www.seera.sa,hr@seera.sa,KSA,https://seera.sa/careers,MX_VALID,Hajj/Umrah international - hr@seera.sa SMTP 250 OK Cloudflare - meme parent que Almosafer
Bin Dawood Holding,Retail,1,https://www.bindawoodholding.com,,Médine/Makkah,https://bindawoodholding.com/careers,PORTAL_ONLY,Groupe familial Médine - tous patterns Google Workspace REJECT - portail + LinkedIn HR
NEOM,Mega-projet PIF,1,https://www.neom.com,careers@neom.com,NEOM,https://careers.neom.com/careers,MX_VALID,905 jobs actifs - M365 catch-all - email portail Workday officiel
Red Sea Global,Mega-projet PIF,1,https://www.redseaglobal.com,careers@redseaglobal.com,Red Sea,https://careers.theredsea.sa/,MX_VALID,EMEA Recruitment Team of the Year - SMTP 250 OK Pphosted
Royal Commission for AlUla,Mega-projet,1,https://www.rcu.gov.sa,careers@rcu.gov.sa,AlUla,https://careerssf.rcu.gov.sa/,RISKY,Heritage UNESCO Hegra - MX self-hosted PTR issue bloque test - tester par envoi reel
Diriyah Gate Development Authority,Mega-projet PIF,1,https://www.dgda.gov.sa,careers@dgda.gov.sa,Riyadh,https://www.dgda.gov.sa/en/careers,MX_VALID,At-Turaif UNESCO - SMTP 250 OK Pphosted - hr@dgda.gov.sa et info@dgda.gov.sa egalement valides
Riyadh Air,Aviation,1,https://www.riyadhair.com,careers@riyadhair.com,Riyadh,https://careers.riyadhair.com/,MX_VALID,Nouvelle flag carrier 2026 - SMTP 250 OK Pphosted - info@riyadhair.com fallback
Qiddiya,Mega-projet PIF,1,https://www.qiddiya.com,careers@qiddiya.com,Riyadh,https://careers.qiddiya.com/,MX_VALID,Entertainment city PIF - SMTP 250 OK Pphosted - hr@qiddiya.com + info@qiddiya.com fallbacks
New Murabba,Mega-projet PIF,1,https://www.newmurabba.com,careers@newmurabba.com,Riyadh,https://www.newmurabba.com/careers,RISKY,The Mukaab giga-quartier - M365 catch-all bloque validation externe - email portail officiel
Saudi Tourism Authority,Gouvernement,1,https://www.sta.gov.sa,careers@sta.gov.sa,Riyadh,https://careers.sta.gov.sa/,RISKY,Visit Saudi Vision 2030 - M365 catch-all bloque validation externe - tester par envoi reel
Saudia Airlines,Aviation,1,https://www.saudia.com,careers@saudia.com,KSA,https://saudia.com/careers,MX_VALID,Hub Madinah PMIA - SMTP 250 OK Pphosted - hr@saudia.com fallback
noon,E-commerce,1,https://www.noon.com,hr@noon.com,Riyadh,https://careers.noon.com/,MX_VALID,#1 KSA e-commerce - hr@noon.com SMTP 250 OK Google - careers@noon.com BOUNCED utiliser hr@
Tamara,FinTech BNPL,2,https://tamara.co,careers@tamara.co,Riyadh,https://tamara.co/careers,RISKY,Saudi BNPL leader - Mimecast catch-all bloque validation externe - email portail officiel
Ru'Ya GCC,Agence digitale,1,https://ruyagcc.com,hello@ruyagcc.com,Médine,https://ruyagcc.com,MX_VALID,HQ Médine = fit parfait - hello@ruyagcc.com SMTP 250 OK Jellyfish - DM CEO LinkedIn en parallele
Social Clinic,Agence,1,https://socialclinic.sa,,KSA,https://socialclinic.sa/careers,PORTAL_ONLY,Top agence KSA bureau Médine - M365 catch-all bloque tous patterns - portail + LinkedIn TA
Publicis Groupe Riyadh,Agence,1,https://www.publicisgroupe.com,,Riyadh,https://careers.publicisgroupe.com/,PORTAL_ONLY,Ex-Publicis Geneve reseau direct - M365 catch-all bloque tous patterns - LinkedIn priority
GroupM Riyadh,Agence média,1,https://www.groupm.com,careers@groupm.com,Riyadh,https://www.groupm.com/careers/,MX_VALID,careers@groupm.com SMTP 250 OK Pphosted - careers.mena@groupm.com BOUNCED utiliser careers@ | promu prio1 scope-elargi 2026-08
VML MENA,Agence,1,https://www.vml.com,careers@vml.com,Riyadh,https://www.vml.com/careers,MX_VALID,careers@vml.com SMTP 250 OK Pphosted - careers.mena@vml.com BOUNCED utiliser careers@ | promu prio1 scope-elargi 2026-08
Almarai,FMCG,1,https://www.almarai.com,hr@almarai.com,Riyadh,https://www.almarai.com/en/careers/,MX_VALID,FMCG leader - hr@almarai.com SMTP 250 OK Pphosted - careers@almarai.com BOUNCED utiliser hr@ | promu prio1 scope-elargi 2026-08
Cenomi Retail,Retail,2,https://www.cenomiretail.com,,Riyadh,,LINKEDIN_ONLY,51 brands fashion - cenomiretail.com NO_MX confirme - LinkedIn uniquement
STC Group,Telco,2,https://www.stc.com.sa,,Riyadh,https://www.stc.com.sa/en/careers,PORTAL_ONLY,Telco leader - MX self-hosted PTR REJECT tous patterns - portail STC + LinkedIn
Ritz-Carlton Riyadh,Hotel luxe,2,https://www.ritzcarlton.com,,Riyadh,https://careers.marriott.com/,OUT_OF_SCOPE,Hors Médine - portail Marriott central - priorité 2
Four Seasons Jeddah,Hotel luxe,2,https://www.fourseasons.com,,Jeddah,https://careers.fourseasons.com/,OUT_OF_SCOPE,Hors Médine - priorité 2
Banyan Tree AlUla,Hotel luxe,2,https://www.banyantree.com,,AlUla,https://www.banyantree.com/careers,OUT_OF_SCOPE,Hors Médine - wellness AlUla - priorité 2
Conrad Makkah,Hotel luxe,2,https://www.hilton.com,,Makkah,https://jobs.hilton.com/,OUT_OF_SCOPE,Hors Médine - conradmakkah.hr@hilton.com BOUNCED - priorité 2
Raffles Makkah Palace,Hotel ultra-luxe,2,https://all.accor.com,,Makkah,https://careers.accor.com/,OUT_OF_SCOPE,Hors Médine - hr.makkah@raffles.com BOUNCED - priorité 2
Madinah Region Development Authority,Gouvernement,1,https://madinah.gov.sa,,Médine,https://madinah.gov.sa,LINKEDIN_ONLY,Smart city Madinah partenariats Almosafer - pas d'email careers public - LinkedIn DM
Tibah Airports,Aviation,2,https://tibahairports.com,,Médine,https://tibahairports.com/careers,PORTAL_ONLY,Operateur aeroport Madinah - SMTP timeout serveur down - portail + LinkedIn
Dur Hospitality,Hospitality,1,https://www.dur.sa,,Médine,https://www.dur.sa/careers,PORTAL_ONLY,Operateur hotelier PIF avec presence Madinah - M365 catch-all bloque - portail uniquement
Marafiq Madinah,Utilities,2,https://www.marafiq.com.sa,,Médine,https://www.marafiq.com.sa/careers,PORTAL_ONLY,Utilities Madinah Knowledge Economic City - M365 catch-all bloque - portail uniquement
SEVEN,Entertainment PIF,1,https://www.seven.sa,careers@seven.sa,Riyadh/KSA,https://www.seven.sa/careers,MX_VALID,Saudi Entertainment Ventures PIF - SMTP 250 OK Pphosted - hr@seven.sa + info@seven.sa fallbacks
Diriyah Company,Mega-projet PIF,1,https://www.diriyah.sa,careers@diriyah.sa,Riyadh,https://www.diriyah.sa/careers,MX_VALID,Successeur DGDA heritage UNESCO - SMTP 250 OK Pphosted - hr@diriyah.sa + info@diriyah.sa fallbacks
Nusuk Platform,Travel Tech,1,https://www.nusuk.sa,info@nusuk.sa,KSA,https://www.nusuk.sa/careers,MX_VALID,Plateforme officielle Hajj/Umrah Madinah core scope - info@nusuk.sa SMTP 250 OK Nourmail
Mouwasat Medical Services,Santé,1,https://www.mouwasat.com,hr@mouwasat.com,KSA,https://www.mouwasat.com/en/careers,MX_VALID,hr@mouwasat.com + recruitment@mouwasat.com SMTP 250 OK Pphosted (fake handle 550 = no catch-all) - careers@ BOUNCED utiliser hr@
Saudi German Health,Santé,1,https://saudigerman.com,careers@saudigerman.com,KSA,https://saudigerman.com/en/careers,MX_VALID,careers@ + hr@saudigerman.com SMTP 250 OK Pphosted (fake handle 550 = no catch-all) - presence hopital MENA
flynas,Aviation,1,https://www.flynas.com,recruitment@flynas.com,Médine/KSA,https://www.flynas.com/en/about-flynas/careers,MX_VALID,Hub PMIA Madinah - recruitment@flynas.com SMTP 250 OK M365 avec verif recipient (fake handle 550 access denied = no catch-all aveugle)
Abdullah Al Othaim Markets,Retail,1,https://corporate.othaimmarkets.com,hr@othaimmarkets.com,Médine/KSA,https://corporate.othaimmarkets.com/en/careers,MX_VALID,415 branches KSA incl Madinah - hr@othaimmarkets.com SMTP 250 OK Pphosted (careers/recruitment/fake 550 = no catch-all) utiliser hr@
flyadeal,Aviation,1,https://www.flyadeal.com,careers@flyadeal.com,Médine/KSA,https://www.flyadeal.com/en/careers,RISKY,Low-cost Saudia group hub Madinah - Mimecast catch-all + PBL bloque test sandbox - tester par envoi reel
Saudi German Hospital Group,Santé,2,https://www.sgh.com.sa,careers@sgh.com.sa,KSA,https://www.sgh.com.sa/careers,RISKY,Groupe SGH - Google Workspace catch-all (fake handle 250) bloque validation - prefer saudigerman.com - tester par envoi reel
Emaar The Economic City,Real Estate,2,https://www.emaar.sa,info@emaar.sa,KSA,https://www.emaar.sa/careers,RISKY,KAEC developer - Zoho policy block sur test - tester par envoi reel
Millennium Hotels Madinah,Hotel 5*,1,https://www.millenniumhotels.com,,Médine,https://www.millenniumhotels.com/en/careers/,RISKY,Millennium & Copthorne Madinah - Mimecast catch-all bloque tous patterns - tester ou portail
Saraya Holding,Hospitality,2,https://www.saraya.com.sa,,KSA,https://www.saraya.com.sa/careers,RISKY,Hospitality KSA - mail.dmail.sa self-hosted - tester par envoi reel
Nahdi Medical,Retail Pharma,2,https://www.nahdi.sa,,KSA,https://careers.nahdi.sa/,RISKY,#1 pharmacie KSA presence Madinah - Barracuda gateway bloque validation - portail careers + tester
Dallah Taibah,Hospitality,1,https://dallahtaibah.com,,Médine,https://dallahtaibah.com/careers,PORTAL_ONLY,Operateur hotelier Madinah - hr@dallah-taibah.com BOUNCED (bounces.txt) + dallahtaibah.com M365 catch-all - portail uniquement
Saja Al Madinah Hotel,Hotel 5*,1,https://sajahotels.com,,Médine,https://sajahotels.com/careers,PORTAL_ONLY,Hotel face Haram - sajahotels.com M365 catch-all bloque tous patterns - portail + LinkedIn HR
Frontel Al Harithia Madinah,Hotel 4*,1,https://www.frontelhotels.com,,Médine,https://www.frontelhotels.com,PORTAL_ONLY,Frontel chain Madinah - domaine dedie sans MX - portail groupe + LinkedIn
Elaf Taibah Hotel,Hotel 4*,1,https://www.elafgroup.com,,Médine,https://www.elafgroup.com/hotels/elaf-taibah,PORTAL_ONLY,Propriete Elaf Group Madinah - elaftaibah.com sans MX + elafgroup.com M365 REJECT - portail Elaf + LinkedIn
Anwar Al Madinah (asset),Hotel 5*,1,https://all.accor.com,,Médine,https://careers.accor.com/,PORTAL_ONLY,Anwar Al Madinah complexe - domaines dedies sans MX - portail Accor central + LinkedIn cluster KSA
Makarem Hotels,Hotel,1,https://www.makarem.com.sa,,Médine/Makkah,https://www.makarem.com.sa/careers,PORTAL_ONLY,Chaine saoudienne Madinah & Makkah - makarem.com.sa sans MX resolvable - portail + LinkedIn HR
Boudl Group,Hospitality,2,https://www.boudl.com.sa,,KSA,https://www.boudl.com.sa/careers,PORTAL_ONLY,Aparthotels KSA - boudl.com.sa sans MX resolvable - portail + LinkedIn
Al Noor Mall Madinah,Retail/Mall,1,https://www.alnoormall.com,,Médine,https://www.alnoormall.com,PORTAL_ONLY,Mall majeur Madinah - Hostinger MX generique pas de mailbox careers - LinkedIn property management + contact form
Al Rashid Mega Mall Madinah,Retail/Mall,1,https://www.alrashidmall.com,,Médine,https://www.alrashidmall.com,PORTAL_ONLY,Mega mall Madinah - MX self-hosted pas de mailbox careers public - contact form + LinkedIn
Arabian Centres (Cenomi Centers),Retail/Mall,2,https://www.cenomicenters.com,,KSA,https://www.cenomicenters.com/careers,PORTAL_ONLY,Operateur malls Aliat/Noor Madinah - arabiancentres.com M365 catch-all - portail Cenomi + LinkedIn
Panda Retail (Savola),Retail,2,https://www.panda.com.sa,,KSA,https://www.panda.com.sa/careers,PORTAL_ONLY,Hypermarches Savola presence Madinah - panda.com.sa M365 catch-all - portail + LinkedIn
ROSHN Group,Real Estate PIF,1,https://www.roshn.sa,,KSA,https://careers.roshn.sa/,PORTAL_ONLY,Giga real estate PIF communautes nationales - roshn.sa M365 catch-all - portail Workday + LinkedIn
Sumou Real Estate,Real Estate,2,https://www.sumou.com.sa,,KSA,https://www.sumou.com.sa/careers,PORTAL_ONLY,Developpeur KSA Madinah projects - sumou.com.sa M365 catch-all - portail + LinkedIn
Webedia Arabia,Agence digitale,1,https://www.webedia-arabia.com,contact@webedia-arabia.com,KSA,https://www.webedia-arabia.com/careers + verified-email,MX_VALID,Agence digitale/contenu KSA - webedia-arabia.com M365 catch-all bloque patterns - portail + LinkedIn TA
The Social Clinic (Sahara),Agence,1,https://thesocialclinic.com,,KSA,https://thesocialclinic.com/careers,PORTAL_ONLY,Agence social media KSA - thesocialclinic.com M365 catch-all - portail + LinkedIn (distinct socialclinic.sa)
MCN / FP7 McCann KSA,Agence,2,https://www.mccann.com,,Riyadh/KSA,https://www.mccann.com/careers/,PORTAL_ONLY,Reseau McCann/FP7 MENA - fp7.com/mccann.com Pphosted patterns careers non confirmes - portail + LinkedIn
Tarual,Agence digitale,1,https://tarual.com,,KSA,https://tarual.com,LINKEDIN_ONLY,Agence digitale KSA - tarual.com rejette sender externe (sender policy) - DM LinkedIn + contact form
Aliat Mall Madinah,Retail/Mall,1,https://www.cenomicenters.com,,Médine,https://www.cenomicenters.com,LINKEDIN_ONLY,Mall Cenomi a Madinah - aliatmall.com NO_MX - via Cenomi Centers portail + LinkedIn property
Jabal Omar Development,Real Estate,2,https://www.jabalomar.com.sa,,Makkah,https://www.jabalomar.com.sa/careers,LINKEDIN_ONLY,Giga Makkah - jabalomar.com.sa tous handles 550 (Google no generic mailbox) - LinkedIn HR + portail
Digital of Things,Agence digitale,1,https://digitalofthings.com,contact@digitalofthings.com,KSA,https://digitalofthings.com/careers + verified-email,MX_VALID,Agence digitale KSA - tous handles 550 (Google no generic mailbox) - DM LinkedIn fondateurs | promu prio1 scope-elargi 2026-08
Taibah University,Education,2,https://www.taibahu.edu.sa,,Médine,https://www.taibahu.edu.sa/careers,PORTAL_ONLY,Universite Madinah - taibahu.edu.sa M365 catch-all - portail academique + LinkedIn (marketing/comms dept)
Royal Commission for Makkah & Holy Sites,Gouvernement,1,https://www.rcmc.gov.sa,,Médine/Makkah,https://www.rcmc.gov.sa,LINKEDIN_ONLY,Autorite holy sites incl Madinah - rcmc.gov.sa MX self-hosted pas de mailbox public - LinkedIn DM HR
Sara United Company,Retail & Distribution,1,https://www.sara.com.sa,mnagah@sara.com.sa,Dammam,sourcing-KSA-est,MX_VALID,Contact marketing trouvé sur site officiel - Eastern Province
Anjum Hotel Makkah,Hospitality pèlerinage,1,https://www.anjumhotels.com,HR@anjumhotels.com,Makkah,sourcing-KSA-ouest,MX_VALID,HR email officiel - hôtellerie Makkah - CV hospitality
Dar Al Arkan,Real Estate,1,https://www.daralarkan.com,info@alarkan.com,Riyadh,verified-email-workflow,MX_VALID,Marketing Manager | cv:generic
The Social Clinic,Agence,1,https://thesocialclinic.com,info@socialclinic.sa,Riyadh,verified-email-workflow,MX_VALID,Performance/Social Manager | cv:generic
Robert Walters Middle East,Recruiter,1,https://www.robertwalters.ae,saudi@robertwalters.com,Riyadh,verified-email-workflow,MX_VALID,Senior Marketing registration | cv:generic
Charterhouse Middle East,Recruiter,1,https://www.charterhouse.ae,info@charterhouse.ae,KSA,verified-email-workflow,MX_VALID,Senior Marketing registration | cv:generic
Marc Ellis,Recruiter,1,https://www.marc-ellis.com,enquiry@marc-ellis.com,KSA,verified-email-workflow,MX_VALID,Senior Marketing registration | cv:generic
Kershaw Leonard,Recruiter,1,https://www.kershawleonard.net,mike@kershawleonard.net,KSA,verified-email-workflow,MX_VALID,Senior Marketing registration | cv:generic
Prezlab,Presentation & Creative Design Agency,1,https://prezlab.com/contact/,Careers@prezlab.com,Riyadh,verified-email-workflow-2,MX_VALID,Senior Digital Marketing / Account Director | cv:generic
Fullstop Advertising,Creative Advertising Agency,1,http://fullstop.sa/,hireme@fullstop.sa,Riyadh,verified-email-workflow-2,MX_VALID,Senior Marketing / Account Director | cv:generic
Brand Lounge,Brand Consultancy,1,https://brandloungeme.com/contact/,info@brandloungeme.com,Riyadh,verified-email-workflow-2,MX_VALID,Brand Strategy / Marketing Lead | cv:generic
Bassmat Digital Agency,Digital Marketing Agency,1,https://www.bassmat.com/,hi@bassmat.com,Riyadh,verified-email-workflow-2,MX_VALID,Head of Digital / Senior Marketing Manager | cv:generic
CreativeBlend,Creative & Branding Agency,1,https://www.creativeblend.com.sa/,hr@creativeblend.com.sa,Riyadh,verified-email-workflow-2,MX_VALID,Senior Marketing Manager | cv:generic
PENCIL,Creative Branding & Digital Agency,1,https://pencil.sa/,hello@pencil.sa,Riyadh,verified-email-workflow-2,MX_VALID,Account Director / Digital Marketing Lead | cv:generic
Global Digital Creative (GDC),Advertising & Digital Agency,1,https://www.gdc-graphics.com/,sales@gdc-graphics.com,Riyadh,verified-email-workflow-2,MX_VALID,Senior Digital Marketing Manager | cv:generic
Digital Wasfa,Digital Marketing Agency,1,https://digitalwasfa.com/,info@digitalwasfa.com,Riyadh,verified-email-workflow-2,MX_VALID,Head of Digital / SEO & Ads Lead | cv:generic
Red Impact (Redimpact Arabia),Creative Advertising Agency,1,https://redimpactarabia.com/contact-us.php,info@redimpactarabia.com,Jeddah,verified-email-workflow-2,MX_VALID,Senior Marketing / Account Director | cv:generic
MAZ NEXA,Branding & Creative Agency,1,https://www.maznexa.sa/en/branding-agency-riyadh,support@maznexa.sa,Riyadh,verified-email-workflow-2,MX_VALID,Senior Marketing Manager | cv:generic
RAM,Strategic Creative Agency,1,https://ram.sa/,hello@ram.sa,Riyadh,verified-email-workflow-2,MX_VALID,Brand Strategy / Marketing Lead | cv:generic
Millimeter Creative Agency,Branding & Communication Agency,1,https://millimeter.agency/,hello@millimeter.agency,Riyadh,verified-email-workflow-2,MX_VALID,Senior Marketing Manager | cv:generic
WCM Agency,Marketing & Branding Agency,1,https://www.wcmagency.com/branding-agency-riyadh-dammam-saudi-arabia/,hello@wcmagency.com,Riyadh,verified-email-workflow-2,MX_VALID,Senior Digital Marketing Manager | cv:generic
Digital World Advertising Agency,Advertising & Branding Agency,1,https://digitalworldagency.net/,info@digitalworldagency.net,Al Khobar,verified-email-workflow-2,MX_VALID,Senior Marketing Manager | cv:generic
Data Wide,Digital Marketing Agency,1,https://www.data-wide.com/contact-us/,info@data-wide.com,Riyadh,verified-email-workflow-2,MX_VALID,Head of Digital / Senior Marketing Manager | cv:generic
Braira Hotels & Resorts,Hospitality,1,https://brairahotels.com/contact/,info@brairahotels.com,Riyadh,verified-email-workflow-2,MX_VALID,Digital Marketing Manager / Head of Marketing | cv:hospitality
The Venue Jeddah Corniche,Hospitality,1,https://www.the-venue.com/career/,hr@the-venue.com,Jeddah,verified-email-workflow-2,MX_VALID,Digital Marketing Manager / Marketing & Communications | cv:hospitality
Habitat Hotel All Suites,Hospitality,1,https://booking.habitathotel.com.sa/en/jeddah/career.php,hrd@habitathotel.com.sa,Jeddah,verified-email-workflow-2,MX_VALID,Digital Marketing Manager / Head of Marketing | cv:hospitality
Maden Hotels,Hospitality,1,https://madenhotels.com/en/contact-us/,info@madenhotels.com,Madinah,verified-email-workflow-2,MX_VALID,Digital Marketing Manager / Head of Marketing | cv:hospitality
Ruve Hotel Jeddah,Hospitality,1,https://ruvejeddah.com/,rsvn@ruvejeddah.com,Jeddah,verified-email-workflow-2,MX_VALID,Digital Marketing / Sales & Marketing Manager | cv:hospitality
Emaar Elite Hotels,Hospitality,1,https://www.emaarelite.com/,sales@emaarelite.com,Makkah,verified-email-workflow-2,MX_VALID,Digital Marketing / Sales & Marketing Manager | cv:hospitality
Al Kiswah Towers Hotel,Hospitality,1,https://www.alkiswah.com/,Alkiswahdh@gmail.com,Makkah,verified-email-workflow-2,MX_VALID,Digital Marketing / Marketing Manager | cv:hospitality
Retaj Hotels & Hospitality,Hospitality,1,https://retaj-hotels.com/careers/,info@retaj-hotels.com,Makkah,verified-email-workflow-2,MX_VALID,Digital Marketing Manager / Head of Marketing | cv:hospitality
Swiss International Hotels & Resorts,Hospitality,1,https://swissinternationalhotels.com/careers/,info@swissinternationalhotels.com,Riyadh,verified-email-workflow-2,MX_VALID,Digital Marketing Manager / Head of Marketing | cv:hospitality
Swiss Hospitality Company,Hospitality,1,https://swisshospitality.sa/,info@swisshospitality.sa,Riyadh,verified-email-workflow-2,MX_VALID,Digital Marketing / Marketing & Brand | cv:hospitality
Danah United Real Estate (Al Rashid Mall),Retail,1,https://www.alrashidmall.sa/careers,Hr@danah.com.sa,Al Khobar,verified-email-workflow-2,MX_VALID,Marketing Manager | cv:generic
Al Othaim Malls (Abdullah Al Othaim Investment),Retail,1,https://othaimmalls.com/english/careers,info@othaimmalls.com,Riyadh,verified-email-workflow-2,MX_VALID,Digital Marketing Manager | cv:generic
Al Othaim Investment Company,Retail,1,https://www.alothaiminvestment.com/careers,info@alothaiminvestment.com,Riyadh,verified-email-workflow-2,MX_VALID,Marketing Manager | cv:generic
Alandalus Property Company,Real Estate,1,https://www.alandalus.com.sa/contact-us/,mail@alandalus.com.sa,Riyadh,verified-email-workflow-2,MX_VALID,Head of Marketing | cv:generic
Cenomi Centers (Arabian Centres),Retail,1,https://centers.cenomi.com/sa-en/contact-us/,cenomi@cenomicenters.com,Riyadh,verified-email-workflow-2,MX_VALID,Digital Marketing Manager | cv:generic
Fitaihi Holding Group,Retail,1,http://www.fitaihi.com.sa/en/contact-us/,sh@fitaihi.com.sa,Jeddah,verified-email-workflow-2,MX_VALID,Marketing Manager | cv:generic
Heraa Mall,Retail,1,https://www.heraa-mall.com/en/careers/,info@heraa-mall.com,Jeddah,verified-email-workflow-2,MX_VALID,Marketing Manager | cv:generic
Saudi Real Estate Company (Al Akaria),Real Estate,1,https://www.al-akaria.com/en/contact/,info@al-akaria.com,Riyadh,verified-email-workflow-2,MX_VALID,Head of Digital Marketing | cv:generic
Hamat Property Company (Panorama Mall),Real Estate,1,https://panorama-mall.com/contact/,crm@hamat.sa,Riyadh,verified-email-workflow-2,MX_VALID,Marketing Manager | cv:generic
SEDCO Holding (SEDCO Development),Real Estate,1,https://sedco.com/en/contact-us/,info@sedco.com,Jeddah,verified-email-workflow-2,MX_VALID,Marketing Manager | cv:generic
Jabal Omar Development Company,Real Estate,1,https://jabalomar.com.sa/contacts/,support@jabalomar.com.sa,Makkah,verified-email-workflow-2,MX_VALID,Digital Marketing Manager | cv:generic
Makkah Construction & Development Company (MCDC),Real Estate,1,https://mcdc.com.sa/contact-us/?lang=en,info@mcdc.com.sa,Makkah,verified-email-workflow-2,MX_VALID,Marketing Manager | cv:generic
Dar Al Omran,Real Estate,1,https://www.dao-badran.com/contact/,dao-saudia@daralomran.com.sa,Riyadh,verified-email-workflow-2,MX_VALID,Marketing Manager | cv:generic
SEDCO Capital,Real Estate,1,https://sedcocapital.com/contacts/offices/,info@sedcocapital.com,Riyadh,verified-email-workflow-2,MX_VALID,Marketing Manager | cv:generic
Almana Group of Hospitals,Healthcare,1,https://www.almanahospital.com.sa/en/careers,career@almanahospital.com.sa,Al Khobar,verified-email-workflow-2,MX_VALID,Head of Marketing / Digital Marketing Manager | cv:brand
Dr. Samir Abbas Hospital,Healthcare,1,https://dsah.sa/en/careers,careers@dsah.sa,Jeddah,verified-email-workflow-2,MX_VALID,Marketing & Digital Manager | cv:brand
Beech Hall School Riyadh,Education,1,https://beechhallschoolriyadh.com/community/careers/,hr@beechhallschoolriyadh.com,Riyadh,verified-email-workflow-2,MX_VALID,Marketing / Admissions & Communications Manager | cv:brand
GEMS American International School Riyadh (SEP-KSA),Education,1,https://gaisr.com/about-us/vacancies/,Recruitment@sep-ksa.com,Riyadh,verified-email-workflow-2,MX_VALID,Marketing & Communications Manager | cv:brand
Downe House Riyadh,Education,1,https://downehouseriyadh.com/careers/,careers@downehouseriyadh.com,Riyadh,verified-email-workflow-2,MX_VALID,Marketing & Admissions Manager | cv:brand
American International School Riyadh (AISR),Education,1,https://www.aisr.org/employment/apply,join_us@aisr.org,Riyadh,verified-email-workflow-2,MX_VALID,Marketing & Communications Manager | cv:brand
Dar Al Hekma University,Education,1,https://www.dah.edu.sa/en/careers/Pages/default.aspx,jobs@dah.edu.sa,Jeddah,verified-email-workflow-2,MX_VALID,Head of Marketing / Digital Marketing Manager | cv:brand
Jeddah Knowledge International School (JKS),Education,1,https://www.jks.edu.sa/employment-opportunities/,jksinfo@jks.edu.sa,Jeddah,verified-email-workflow-2,MX_VALID,Marketing & Admissions Manager | cv:brand
Al Salama Hospital,Healthcare,1,https://alsalamahospital.com/en/career/,info@alsalamahospital.com,Jeddah,verified-email-workflow-2,MX_VALID,Marketing Manager | cv:brand
International Gulf Medical Clinics (IGMC),Healthcare,1,https://igmc.io/en/careers/,info@igmc.io,Madinah,verified-email-workflow-2,MX_VALID,Marketing / Digital Marketing Manager | cv:brand
Eventana,Events & Experiential Agency,1,https://eventana.net/contact,info@eventana.net,Riyadh,verified-email-workflow-2,MX_VALID,Marketing Manager | cv:brand
Shine Event Staffing,Events & Experiential Agency,1,https://shineeventstaffing.com/,hello@letsshineksa.com,Riyadh,verified-email-workflow-2,MX_VALID,Marketing Manager | cv:brand
Relia (Al Quraishi Marketing),FMCG Distribution,1,https://www.relia-me.com/contact,careers@relia-me.com,Riyadh,verified-email-workflow-2,BOUNCED,Marketing Manager | cv:brand | careers@relia-me.com hard bounce 11.07
Blink Experience,Events & Experiential Agency,1,https://blinkexperience.com/contact/,info@blinkexperience.com,Riyadh,verified-email-workflow-2,MX_VALID,Marketing Manager | cv:brand
Entourage Marketing & Events,Events & Experiential Agency,1,https://entourageintl.com/careers/,info@entourageintl.com,Riyadh,verified-email-workflow-2,MX_VALID,Marketing Manager | cv:brand
Focal Point (FP Group),Events & Brand Activation Agency,1,https://focalpoint.group/,info@focalpoint.group,Jeddah,verified-email-workflow-2,MX_VALID,Marketing Manager | cv:brand
Benchmark,Events & Experiential Agency,1,https://www.benchmarkksa.com/,info@benchmarkksa.com,Jeddah,verified-email-workflow-2,MX_VALID,Marketing Manager | cv:brand
Halwani Bros,FMCG Food Manufacturing,1,https://www.halwani.com.sa/en/contact-us/,info@halwani.com.sa,Jeddah,verified-email-workflow-2,MX_VALID,Marketing Manager | cv:brand
Etihad Golden Falcons,Events & Brand Activation Agency,1,https://etihad-gf.com/contact-us/,sales@etihad-gf.com,Riyadh,verified-email-workflow-2,MX_VALID,Marketing Manager | cv:brand
eDirect,Digital Marketing Agency,1,https://edirect.sa/contact-us/,info@edirect.sa,Riyadh,verified-email-workflow-2,MX_VALID,Marketing Manager | cv:brand
Rafal Advertising,Advertising Agency,1,https://www.rafal-adv.com/contact/,info@rafal-adv.com,Jeddah,verified-email-workflow-2,MX_VALID,Marketing Manager | cv:brand
Cross Arabia,FMCG Distribution,1,https://crossarabia.com/contact-us/,HR@crossarabia.com,Riyadh,verified-email-workflow-2,MX_VALID,Trade Marketing Manager | cv:brand
PayTabs,Fintech (payments),1,https://ai.paytabs.com/en/career/,hrdept@paytabs.com,Al Khobar,verified-email-workflow-3,MX_VALID,Senior Digital Marketing Manager | cv:generic
Innosoft,IT services / software house,1,https://is.sa/contact,jobs@innosoft.sa,Dhahran,verified-email-workflow-3,MX_VALID,Digital Marketing Manager | cv:generic
Geidea,Fintech (payments),1,https://www.geidea.net/,contacts@geidea.net,Riyadh,verified-email-workflow-3,MX_VALID,Senior Marketing Manager | cv:generic
Lendo,Fintech (SME lending),1,https://www.lendo.sa/en/contact,support@lendo.sa,Riyadh,verified-email-workflow-3,MX_VALID,Events/PR & Digital Marketing (active marketing hiring on jobs.lendo.sa) | cv:generic
Foodics,SaaS (restaurant tech & fintech),1,https://www.foodics.com/contact/,info@foodics.com,Riyadh,verified-email-workflow-3,MX_VALID,Senior Growth/Digital Marketing Manager | cv:generic
Mozn,AI / fintech (fraud & compliance),1,https://mozn.sa,info@mozn.ai,Riyadh,verified-email-workflow-3,MX_VALID,Senior Digital Marketing Manager | cv:generic
Moyasar,Fintech (payment gateway),1,https://moyasar.com/en/,info@moyasar.com,Riyadh,verified-email-workflow-3,MX_VALID,Digital Marketing Manager | cv:generic
Drahim,Fintech (personal finance app),1,https://drahim.sa,contact@drahim.sa,Riyadh,verified-email-workflow-3,MX_VALID,Growth/Digital Marketing Lead | cv:generic
Penny Software,SaaS (procurement),1,https://penny.co/contact-us/,info@penny.co,Riyadh,verified-email-workflow-3,MX_VALID,Senior Digital Marketing Manager | cv:generic
Alraedah Digital Solutions,Fintech (SME financing),1,https://alraedah.sa/contact,care@alraedah.sa,Riyadh,verified-email-workflow-3,MX_VALID,Senior Digital Marketing Manager | cv:generic
Funding Souq,Fintech (SME lending marketplace),1,https://fundingsouq.com/sa/en/contact-us,support@fundingsouq.com,Riyadh,verified-email-workflow-3,MX_VALID,Digital Marketing Manager | cv:generic
Salasa,Tech (e-commerce fulfillment),1,https://www.salasa.co,info@salasa.co,Riyadh,verified-email-workflow-3,MX_VALID,Digital Marketing Manager | cv:generic
Ejada Systems,IT services,1,https://www.ejada.com/,info@ejada.com,Riyadh,verified-email-workflow-3,MX_VALID,Senior Marketing/Communications Manager | cv:generic
Al Moammar Information Systems (MIS),IT services (listed systems integrator),1,https://www.mis.com.sa/contact-us/,info@mis.com.sa,Riyadh,verified-email-workflow-3,MX_VALID,Senior Marketing Manager | cv:generic
Naseej,IT / digital solutions,1,https://www.naseej.com/en/contact-us,info@naseej.com,Riyadh,verified-email-workflow-3,MX_VALID,Senior Digital Marketing Manager | cv:generic
HyperPay,Fintech (payments),1,https://www.hyperpay.com/,bd@hyperpay.com,Riyadh,verified-email-workflow-3,MX_VALID,Senior Digital Marketing Manager | cv:generic
Herfy Food Services Co.,"F&B / QSR chain (350+ restaurants, bakery, meat production)",1,https://herfy.com/contact/,job@herfy.com,Riyadh,verified-email-workflow-3,MX_VALID,Marketing Director / Head of Brand Marketing | cv:brand
Maestro Pizza (Daily Food Co.),F&B / QSR pizza chain,1,https://www.linkedin.com/company/daily-food-co,recruitment@dailyfoodsa.com,Riyadh,verified-email-workflow-3,MX_VALID,Head of Marketing / Digital Marketing Manager | cv:brand
Shahia Food Ltd. (Dunkin' Donuts KSA franchisee),F&B / Coffee & donuts franchise operator,1,http://shahiainvest.com/careers.php,careers@dunkindonuts.sa,Riyadh,verified-email-workflow-3,MX_VALID,Marketing Manager – Dunkin' KSA | cv:brand
Arby's KSA (Shahia Food Ltd.),F&B / QSR franchise operator,1,http://shahiainvest.com/careers.php,careers@arbysksa.com,Riyadh,verified-email-workflow-3,MX_VALID,Brand / Marketing Manager | cv:brand
Alamar Foods (Domino's Pizza MENAP),"F&B / QSR franchise operator (Domino's, Dunkin' Egypt-Morocco)",1,https://www.alamar.com/contact/,info@alamar.com,Riyadh,verified-email-workflow-3,MX_VALID,Senior Digital Marketing / Brand Manager | cv:brand
Sunbulah Group,"F&B / Food manufacturing group (frozen foods, pastry, honey)",1,https://www.sunbulahgroup.com/careers.html,info@sunbulahgroup.com,Jeddah,verified-email-workflow-3,MX_VALID,Senior Brand Manager / Marketing Manager | cv:brand
Half Million Coffee,F&B / Saudi specialty coffee chain,1,https://www.halfm.sa/en-US/careers,customercare@halfm.sa,Riyadh,verified-email-workflow-3,MX_VALID,Head of Marketing / Brand Marketing | cv:brand
Diyafa Saudi Hospitality Company (catering),"F&B / Catering & foodservice (Hajj-Umrah catering, restaurants)",1,https://diyafa.com.sa/ar/contactus,info@diyafa.com.sa,Jeddah,verified-email-workflow-3,MX_VALID,Marketing & Communications Manager | cv:brand
Tamimi Global Co. (TAFGA),"F&B / Industrial, hospital & aviation catering",1,https://www.tamimiglobal.com/,info@tamimiglobal.com,Al Khobar,verified-email-workflow-3,MX_VALID,Marketing / Business Development Manager | cv:brand
Naqel Express,Logistics & Express Delivery,1,https://www.naqelexpress.com/en/sa/FAQ/,Saudi.jobs@naqel.com.sa,Riyadh,verified-email-workflow-3,MX_VALID,Senior Digital Marketing Manager | cv:generic
Four Winds Saudi Arabia (Logistics),Freight Forwarding & Logistics,1,https://www.fourwinds-ksa.com/careers/,career@fourwinds-ksa.com,Jeddah,verified-email-workflow-3,MX_VALID,Marketing & Business Development Manager | cv:generic
Budget Saudi Arabia (United International Transportation Co.),Car Rental & Leasing,1,https://www.budgetsaudi.com/en/careers,jobs@budgetsaudi.com,Jeddah,verified-email-workflow-3,MX_VALID,Senior Digital Marketing Manager | cv:generic
Aljomaih Automotive Company (General Motors distributor),Automotive Distribution,1,https://www.linkedin.com/posts/aljomaihautomotive_hiring-activity-7347591670110052352-rHvS,careers@aljomaihauto.com,Riyadh,verified-email-workflow-3,MX_VALID,Senior Digital Marketing Manager | cv:generic
Namma Cargo Services,Freight Forwarding & Logistics,1,https://www.nammacargo.com/,namma@nammacargo.com,Al Khobar,verified-email-workflow-3,MX_VALID,Marketing Manager | cv:generic
"Kia Aljabr (Aljabr Trading Co., Kia distributor)",Automotive Distribution,1,https://aljabr.com.sa/en/career.php,info@aljabr.com.sa,Dammam,verified-email-workflow-3,MX_VALID,Digital Marketing Manager | cv:generic
Petromin Corporation,Automotive Services & Lubricants,1,https://petromin.com/career/,info@petromin.com,Jeddah,verified-email-workflow-3,MX_VALID,Senior Digital Marketing Manager | cv:generic
Al-Khaldi Logistics (Al-Khaldi Holding),Transport & Logistics,1,https://log.al-khaldi.com.sa/,info@al-khaldi.com.sa,Dhahran,verified-email-workflow-3,MX_VALID,Marketing Manager | cv:generic
Attar Travel,Travel & Tourism,1,https://www.attartravel.com/contact,info@attartravel.com,Jeddah,verified-email-workflow-3,MX_VALID,Digital Marketing Manager | cv:generic
Fursan Travel & Tourism,Travel & Tourism,1,https://www.fursan.com.sa/,contactus@fursan.com.sa,Riyadh,verified-email-workflow-3,MX_VALID,Senior Digital Marketing Manager | cv:generic
Al Shallal Theme Park,Hospitality,1,https://alshallal.com.sa/en/career,careers@alshallal.com.sa,Jeddah,verified-email-workflow-3,MX_VALID,Digital Marketing Manager | cv:hospitality
"Tarfeeh Fakieh (Fakieh Aquarium, Al Nawras, Sail Island)",Hospitality,1,https://www.tarfeehfakieh.com/,info@tarfeehfakieh.com,Jeddah,verified-email-workflow-3,MX_VALID,Head of Digital Marketing | cv:hospitality
Rawaf Mina for Hajj Services,Hospitality,1,https://haj.rawafmina.sa/en/contactus,pmo@rawafmina.sa,Makkah,verified-email-workflow-3,MX_VALID,Senior Digital Marketing Manager | cv:hospitality
MaqamUmrah (B2B Umrah hotel & tour operator),Hospitality,1,https://maqamumrah.com/,info@maqamumrah.com,Madinah,verified-email-workflow-3,MX_VALID,Digital Marketing Manager | cv:hospitality
Discover Saudi DMC (Almosafer / Seera Group),Hospitality,1,https://discoversaudi.sa/en/contact-us,info@discoversaudi.sa,Riyadh,verified-email-workflow-3,MX_VALID,Senior Digital Marketing Manager | cv:hospitality
Husaak Adventures (The Outpost AlUla & Tanomah),Hospitality,1,https://www.husaak.com/contact-us,saudi@husaak.com,AlUla,verified-email-workflow-3,MX_VALID,Digital Marketing Manager | cv:hospitality
88 Destinations (El Makkan for Travel and Tours),Hospitality,1,https://88destinations.com/,info@88destinations.com,Jeddah,verified-email-workflow-3,MX_VALID,Digital Marketing Manager | cv:hospitality
Saudi Arabia Tours,Hospitality,1,https://saudiarabiatours.net/,saudiarabiatours.net@gmail.com,Riyadh,verified-email-workflow-3,MX_VALID,Digital Marketing Manager | cv:hospitality
Easy Access AlUla (Al-Wassal Al-Mashal Commercial),Hospitality,1,https://toursalula.com/,booking@easyaccessllc.com,AlUla,verified-email-workflow-3,MX_VALID,Digital Marketing Manager | cv:hospitality
PinkStone Travel Saudi,Hospitality,1,https://pinkstonetravelsaudi.com/,info@pinkstonetravelsaudi.com,Riyadh,verified-email-workflow-3,MX_VALID,Digital Marketing Manager | cv:hospitality
Zahid Travel Group (Go Zahid inbound DMC),Hospitality,1,https://www.experiencealula.com/en/plan-your-trip/alula-preferred-travel-trade-partners,gozahid@zahidtravel.com,Jeddah,verified-email-workflow-3,MX_VALID,Senior Digital Marketing Manager | cv:hospitality
AlUla Guide,Hospitality,1,https://www.experiencealula.com/en/plan-your-trip/alula-preferred-travel-trade-partners,sales@alula-guide.com,AlUla,verified-email-workflow-3,MX_VALID,Digital Marketing Manager | cv:hospitality
Saudi Discovery (DMC Arabia network),Hospitality,1,https://www.experiencealula.com/en/plan-your-trip/alula-preferred-travel-trade-partners,inquiries@saudidiscovery.com,KSA,verified-email-workflow-3,MX_VALID,Digital Marketing Manager | cv:hospitality
EXO Travel Saudi Arabia,Hospitality,1,https://www.experiencealula.com/en/plan-your-trip/alula-preferred-travel-trade-partners,saudi@exotravel.com,KSA,verified-email-workflow-3,MX_VALID,Digital Marketing Manager | cv:hospitality
Tetrapylon Saudi Arabia,Hospitality,1,https://www.experiencealula.com/en/plan-your-trip/alula-preferred-travel-trade-partners,saudi@tetrapylon.com,KSA,verified-email-workflow-3,MX_VALID,Digital Marketing Manager | cv:hospitality
AlFares International Tours,Hospitality,1,https://www.experiencealula.com/en/plan-your-trip/alula-preferred-travel-trade-partners,h.nawar@alfaristours.com,KSA,verified-email-workflow-3,MX_VALID,Digital Marketing Manager | cv:hospitality
Athaar Arabia,Hospitality,1,https://www.experiencealula.com/en/plan-your-trip/alula-preferred-travel-trade-partners,imad.sulaiman@athaararabia.com,KSA,verified-email-workflow-3,MX_VALID,Digital Marketing Manager | cv:hospitality
UTA Saudi Arabia (Universal Travel Agency),Hospitality,1,https://www.experiencealula.com/en/plan-your-trip/alula-preferred-travel-trade-partners,mahmoud.salameh@uta.com.sa,KSA,verified-email-workflow-3,MX_VALID,Digital Marketing Manager | cv:hospitality
Tamimi ATS (Al-Tamimi Group),Industrial services / trading group,1,https://www.tamimiats.com/jobs,recruitment.ats@al-tamimi.com,Dammam,verified-email-workflow-3,MX_VALID,Marketing & Communications Manager | cv:generic
GO Telecom (Etihad Atheeb Telecom),Telecom,1,https://www.go.com.sa/en/careers,al.alnajjar@go.com.sa,Riyadh,verified-email-workflow-3,MX_VALID,Senior Marketing Manager | cv:brand
Abdulmohsen Al-Tamimi Group,Family conglomerate,1,https://tamimi.sa/careers.php,info@tamimi.sa,Dammam,verified-email-workflow-3,MX_VALID,Marketing Manager | cv:generic
Alesayi Holding,Family conglomerate,1,https://alesayi.com/en/contact-us-en/,info@alesayi.com,Jeddah,verified-email-workflow-3,MX_VALID,Group Marketing Manager | cv:generic
Al Muhaidib Group,Family conglomerate,1,https://almuhaidib.com/,info@almuhaidib.com,Dammam,verified-email-workflow-3,MX_VALID,Group Marketing & Communications Manager | cv:generic
AlBawani Holding,Construction / diversified holding,1,https://albawani.com/careers/,info@albawani.net,Riyadh,verified-email-workflow-3,MX_VALID,Marketing & Communications Manager | cv:generic
Xenel Industries,Industrial family conglomerate,1,https://www.xenel.com/,communications@xenel.com,Jeddah,verified-email-workflow-3,MX_VALID,Corporate Communications & Marketing Manager | cv:generic
IKK Group (Isam Khairi Kabbani),Industrial / building materials group,1,https://ikkgroup.com/contact-us/,info@ikkgroup.com,Jeddah,verified-email-workflow-3,MX_VALID,Marketing Manager | cv:generic
Alfozan Holding,Family holding,1,https://www.alfozan.com/,info@alfozan.com,Al Khobar,verified-email-workflow-3,MX_VALID,Marketing Manager | cv:generic
Watania Steel,Industrial manufacturing,1,https://wataniasteel.com/career/,info@wataniasteel.com,KSA,verified-email-workflow-3,MX_VALID,Marketing Manager | cv:generic
Nesma & Partners,Construction / EPC (Nesma Holding),1,https://www.nesmapartners.com/en/contact-us,communications@nesmapartners.com,Al Khobar,verified-email-workflow-3,MX_VALID,Marketing & Communications Manager | cv:generic
Telfaz11,Media production / entertainment studio,1,https://telfaz11.com/contact,info@telfaz11.com,Riyadh,sourcing-ksa4,MX_VALID,Head of Marketing / Senior Marketing Manager | cv:generic
AFLAM Productions,Film & TV production house,1,http://www.aflamproductions.com/home,epic@aflamproductions.com,Riyadh,sourcing-ksa4,MX_VALID,Senior Marketing / Business Development Manager | cv:generic
TRACCS,Public relations & communications,1,https://traccs.net/get-in-touch/,faisal.alabdali@traccs.net,Jeddah,sourcing-ksa4,MX_VALID,Senior Account Director / Digital Marketing Lead | cv:generic
W7Worldwide,Public relations & strategic communications,1,https://w7worldwide.com/,info@w7worldwide.com,Jeddah,sourcing-ksa4,MX_VALID,Senior Digital Marketing / Communications Manager | cv:generic
MPR (Middle East Public Relations),Public relations agency,1,https://mpr.com.sa/,business@mpr.com.sa,Riyadh,sourcing-ksa4,MX_VALID,Senior Marketing / PR Account Director | cv:generic
Jummar PR,Public relations consultancy,1,https://jummarpr.com/,amr@jummar.co,Riyadh,sourcing-ksa4,MX_VALID,Senior Communications / Marketing Consultant | cv:generic
PR Arabia,Public relations & events firm,1,https://www.prarabia.me/,contact@prarabia.me,Jeddah,sourcing-ksa4,MX_VALID,Senior Marketing / PR Manager | cv:generic
Riyadh Exhibitions Company (REC),Trade fairs & exhibitions organizer,1,https://www.recexpo.com/en/contact.asp,info@recexpo.com,Riyadh,sourcing-ksa4,MX_VALID,Senior Marketing Manager (Events/Exhibitions) | cv:generic
1st Arabia Tradeshows & Conferences,Exhibitions & conferences organizer,1,https://1starabia.com/,info@1starabia.com,Riyadh,sourcing-ksa4,MX_VALID,Senior Marketing Manager (Events) | cv:generic
Al-Harithy Company for Exhibitions (ACE),Exhibitions organizer,1,https://cgijeddah.gov.in/web_files/459813902-Calender-ACE-Exhibitions-2016.pdf,ace@acexpos.com,Jeddah,sourcing-ksa4,MX_VALID,Senior Marketing Manager (Exhibitions) | cv:generic
Dhahran Expo (DIEC),Exhibition centre & events organizer,1,https://www.dhahranexpo.com.sa/contact.aspx,info@diec.com.sa,Dammam/Khobar,sourcing-ksa4,MX_VALID,Senior Marketing Manager (Exhibitions) | cv:generic
Exhibition Services (Al Smari Group),Exhibition stands & event services,1,https://www.exhibitionservices.net/contact,sales@exhibitionservices.net,Riyadh,sourcing-ksa4,MX_VALID,Senior Marketing / Business Development Manager | cv:generic
Prolines,Exhibition stand design & digital agency,1,https://prolines.sa/about-exhibition/,info@prolines.sa,Jeddah,sourcing-ksa4,MX_VALID,Senior Digital Marketing Manager | cv:generic
Eventfull,Event management & brand experiences,1,https://eventfull.sa/,info@eventfull.sa,Riyadh,sourcing-ksa4,MX_VALID,Senior Marketing / Client Services Manager | cv:generic
EVEX,Event management,1,https://evex.sa/,info@evex.sa,Riyadh,sourcing-ksa4,MX_VALID,Senior Marketing Manager (Events) | cv:generic
Saudi Event Management,Event management & production,1,https://saudieventmanagement.com/,infosaudieventmanagement@gmail.com,Riyadh,sourcing-ksa4,MX_VALID,Senior Marketing Manager (Events) | cv:generic
Andalusia Group (Hospitals & Clinics),Healthcare & Dental Group,1,https://anygulfjobs.com/job/andalusia-group-job-vacancies/,alw-jobs@andalusiagroup.net,Jeddah,sourcing-ksa4,MX_VALID,Senior Marketing Specialist / Marketing Manager | cv:brand
United Pharmacy,Pharmacy Chain,1,https://thepharmadaily.com/job-detail/pharmacist-saudi,hr@unitedpharmacy.sa,Riyadh,sourcing-ksa4,MX_VALID,Marketing Manager | cv:brand
Stars Smile Dental Clinics,Dental Clinics,1,https://www.saudijobs24.com/t137470-topic,Jobs@starssmile.com.sa,Riyadh,sourcing-ksa4,MX_VALID,Marketing Manager | cv:brand
Enfield Royal Saudia (aesthetic clinic),Beauty & Aesthetic Clinic,1,https://www.enfieldroyalsaudia.com/contact-us/,info@enfieldroyalsaudia.com,Riyadh,sourcing-ksa4,MX_VALID,Digital Marketing Manager | cv:brand
The First Clinic,Beauty & Dermatology Clinic,1,https://thefirstclinic.med.sa/,info@tfc.sa,Riyadh,sourcing-ksa4,MX_VALID,Marketing Manager | cv:brand
Arabian Oud,Beauty & Fragrance Retail,1,https://us.arabianoud.com/en/careers/page-1537414279,recruitment@arabianoud.com,Riyadh,sourcing-ksa4,MX_VALID,Senior Marketing Manager | cv:brand
Nutrition & Diet Center (NDC),Wellness & Nutrition,1,https://www.linkedin.com/company/diet-center,careers@dietcenter.com.sa,Riyadh,sourcing-ksa4,MX_VALID,Marketing Manager (role advertised on their LinkedIn) | cv:brand
Fitness First KSA (Landmark Arabia),Gym & Fitness Chain,1,https://ksa.fitnessfirstme.com/ar/careers,FF.HR@fitnessfirst-me.com,Riyadh,sourcing-ksa4,MX_VALID,Marketing Manager | cv:brand
"Whites (Global Health Care Co. / GHC, also Kunooz Pharmacies)","Beauty, Wellness & Pharmacy Retail",1,https://ghc.com.sa/careers/,jobs@ghc.com.sa,Riyadh,sourcing-ksa4,MX_VALID,Senior Marketing Manager | cv:brand
Jamjoom Pharma,Pharmaceuticals (derma & eye care),1,https://www.jamjoompharma.com/careers/,info@jamjoompharma.com,Jeddah,sourcing-ksa4,MX_VALID,Senior Marketing Manager | cv:brand
Body Masters,Gym & Fitness Chain (42+ branches),1,https://www.bodymasters.com.sa/en/contact-us,corporate@bodymasters.com.sa,Riyadh,sourcing-ksa4,MX_VALID,Marketing Manager | cv:brand
BEC Arabia,Construction / Contracting,1,https://www.becarabia.com/careers,info@becarabia.com,Riyadh,sourcing-ksa4,MX_VALID,Marketing & Communications Manager | cv:generic
RTCC (Al Rashid Trading & Contracting Co.),Construction / Contracting,1,https://www.rtcc.com.sa/career/,info@rtcc.com.sa,Riyadh,sourcing-ksa4,MX_VALID,Marketing & Communications Manager | cv:generic
Azad Properties,Real Estate Development,1,https://azad.com.sa/en/careers,info@azad.com.sa,Jeddah,sourcing-ksa4,MX_VALID,Head of Marketing | cv:generic
Jabal Omar Development Company (JODC),Real Estate Development,1,https://www.jabalomar.com.sa/en/careers,info@jodc.com.sa,Jeddah,sourcing-ksa4,MX_VALID,Senior Marketing Manager | cv:generic
Rafal Real Estate Development,Real Estate Development,1,https://rafal.com.sa/en/contact-us/,info@rafal.com.sa,Riyadh,sourcing-ksa4,MX_VALID,Head of Marketing | cv:generic
Jenan Real Estate Company,Real Estate Development,1,https://jenan.sa/en/careers,info@jenan.com.sa,Eastern Province (Dammam/Khobar),sourcing-ksa4,MX_VALID,Head of Marketing | cv:generic
IFAS (Integrated Facility & Asset Services),Facility Management,1,https://ifas-ksa.com/careers/,info@ifas-ksa.com,Riyadh,sourcing-ksa4,MX_VALID,Marketing & Communications Manager | cv:generic
Zahran Holding (Zahran Operation & Maintenance),Facility Management / O&M,1,https://www.zahranholding.com/en/careers/,jobs@zahrang.com,Riyadh,sourcing-ksa4,MX_VALID,Senior Marketing Manager | cv:generic
Muheel Services,Facility Management,1,https://www.muheel.com/careers/,recruitment@muheel.com,Riyadh,sourcing-ksa4,MX_VALID,Marketing & Communications Manager | cv:generic
Al Hajry Overseas,Facility Management,1,https://alhajry-overseas.com.sa/,info@alhajry-overseas.com.sa,Al Khobar,sourcing-ksa4,MX_VALID,Marketing & Communications Manager | cv:generic
SIYANCO (Saudi Maintenance Company),Facility Management / O&M,1,https://siyanco.com/contact-us/,info@siyanco.com,Riyadh,sourcing-ksa4,MX_VALID,Marketing & Communications Manager | cv:generic
Rize (Al-Alou Financial Company),PropTech,1,https://www.rize.sa/en,support@rize.sa,Riyadh,sourcing-ksa4,MX_VALID,Head of Growth Marketing | cv:generic
Darent,PropTech,1,https://darent.com/,info@darent.com,Riyadh,sourcing-ksa4,MX_VALID,Head of Growth Marketing | cv:generic
Verge Film Productions,Film & animation production (KSA market),1,https://www.verge.productions/,careers@verge.productions,Dubai (operates across KSA),sourcing-gulf1,MX_VALID,Senior Marketing Manager | cv:generic | country:UAE | promu prio1 scope-elargi 2026-08
Gloria Hotels & Resorts,Hospitality,1,https://gloria-hotels.com/careers/,gloria.management@gloria-hotels.com,Dubai,sourcing-gulf1,MX_VALID,Director of Marketing & Communications | cv:hospitality | country:UAE | promu prio1 scope-elargi 2026-08
Park Regis Kris Kin Hotel Dubai,Hospitality,1,https://www.parkregiskriskin.ae/careers,prkkcareers@parkregishotels.com,Dubai,sourcing-gulf1,MX_VALID,Director of Sales & Marketing | cv:hospitality | country:UAE | promu prio1 scope-elargi 2026-08
Nehal Hotel,Hospitality,1,https://www.nehalhotel.com/careers,careers@nehalhotel.com,Abu Dhabi,sourcing-gulf1,MX_VALID,Sales & Marketing Manager | cv:hospitality | country:UAE | promu prio1 scope-elargi 2026-08
Orient Planet Group,PR & Marketing Agency,1,https://www.orientplanet.com/careers.html,hr@orientplanet.com,Dubai,sourcing-gulf1,MX_VALID,Account Director / Senior Communications Consultant (Arabic-French-English) | cv:generic | country:UAE | promu prio1 scope-elargi 2026-08
Element 8,Digital Marketing Agency,1,https://www.element8.ae/careers,careers@element8.ae,Dubai,sourcing-gulf1,MX_VALID,Digital Marketing Director / Growth Lead | cv:generic | country:UAE | promu prio1 scope-elargi 2026-08
Centric DXB,Digital Marketing Agency,1,https://www.centric.ae/careers,careers@centricdxb.com,Dubai,sourcing-gulf1,MX_VALID,Marketing / Account Director | cv:generic | country:UAE | promu prio1 scope-elargi 2026-08
Global Media Insight,Digital Marketing Agency,1,https://www.globalmediainsight.com/careers/,liz@globalmedia.ae,Dubai,sourcing-gulf1,MX_VALID,Senior Digital Marketing Manager | cv:generic | country:UAE | promu prio1 scope-elargi 2026-08
GTECH (gtechme.com),Digital Marketing & Technology Agency,1,https://www.gtechme.com/careers/,gtech@jobs.workablemail.com,Dubai,sourcing-gulf1,MX_VALID,Digital Marketing Manager | cv:generic | country:UAE | promu prio1 scope-elargi 2026-08
DRE Real Estate (drehomes.com),Real Estate,1,https://drehomes.com/careers,newcareer@drehomes.com,Dubai,sourcing-gulf1,MX_VALID,Head of Marketing | cv:generic | country:UAE | promu prio1 scope-elargi 2026-08
Betterhomes,Real Estate,1,https://www.bhomes.com/en/careers,oliver.wilson@bhomes.com,Dubai,sourcing-gulf1,MX_VALID,Senior Marketing Manager | cv:generic | country:UAE | promu prio1 scope-elargi 2026-08
Al Maya Group,Retail / FMCG Distribution,1,https://www.almaya.ae/career.php,hr@almaya.ae,Dubai,sourcing-gulf1,MX_VALID,Senior Marketing Manager (Retail) | cv:brand | country:UAE | promu prio1 scope-elargi 2026-08
Hunter Foods,F&B / FMCG Manufacturing,1,https://www.hunterfoods.com/careers/,careers@hunterfoods.com,Dubai,sourcing-gulf1,MX_VALID,Senior Brand & Marketing Manager | cv:brand | country:UAE | promu prio1 scope-elargi 2026-08
Marina Mall Abu Dhabi,Retail (Shopping Mall),1,https://marinamall.ae/career/,Mycareer@marinamall.ae,Abu Dhabi,sourcing-gulf1,MX_VALID,Marketing Manager - Mall | cv:brand | country:UAE | promu prio1 scope-elargi 2026-08
Line Investments & Property (Lulu Group - Madinat Zayed Mall),Retail (Shopping Malls),1,https://www.madinatzayed-mall.com/careers/,hr@lineinvestments.ae,Abu Dhabi,sourcing-gulf1,MX_VALID,Senior Marketing Manager - Malls | cv:brand | country:UAE | promu prio1 scope-elargi 2026-08
Ezdan Hotels & Suites,Hospitality,1,https://ezdanhotels.qa/careers/,careers@ezdanhotels.qa,Doha,sourcing-gulf1,MX_VALID,Marketing Manager | cv:hospitality | country:Qatar | promu prio1 scope-elargi 2026-08
Ramada Encore by Wyndham Doha,Hospitality,1,http://www.ramadaencoredoha.com/careers,hrm@ramadaencoredoha.com,Doha,sourcing-gulf1,MX_VALID,Sales & Marketing Manager | cv:hospitality | country:Qatar | promu prio1 scope-elargi 2026-08
Banyan Tree Doha at La Cigale Mushaireb,Hospitality,1,https://www.linkedin.com/company/banyantreedoha,recruitment.doha@banyantree.com,Doha,sourcing-gulf1,MX_VALID,Director of Marketing & Communications | cv:hospitality | country:Qatar | promu prio1 scope-elargi 2026-08
Katara Hospitality,Hospitality,1,https://www.katarahospitality.com/career/,info@katarahospitality.com,Doha,sourcing-gulf1,MX_VALID,Senior Marketing Manager (Corporate) | cv:hospitality | country:Qatar | promu prio1 scope-elargi 2026-08
Aura Group (F&B and Entertainment),Hospitality,1,https://www.linkedin.com/posts/aura_group_immediate-hiring-to-qatar-join-our-hospitality-activity-6974303565938847744-YWC3,careers@auragroup-intl.com,Doha,sourcing-gulf1,MX_VALID,Head of Marketing | cv:hospitality | country:Qatar | promu prio1 scope-elargi 2026-08
Al Mana Media (Publicis Groupe affiliate),Advertising Agency,1,https://www.almanamedia.com/en/pages/careers,careers@almanamedia.com,Doha,sourcing-gulf1,MX_VALID,Account Director / Senior Digital Marketing Manager | cv:generic | country:Qatar | promu prio1 scope-elargi 2026-08
iHorizons,Digital Agency / Technology,1,https://www.ihorizons.com/careers,hr@ihorizons.com,Doha,sourcing-gulf1,MX_VALID,Digital Marketing Manager | cv:generic | country:Qatar | promu prio1 scope-elargi 2026-08
"Abu Issa Holding (Blue Salon, luxury retail)",Retail Group,1,https://www.abuissa.com/careers/,jobs@abuissa.com,Doha,sourcing-gulf1,MX_VALID,Group Marketing Manager | cv:brand | country:Qatar | promu prio1 scope-elargi 2026-08
Al Meera Consumer Goods,Retail,1,https://www.almeera.com.qa/careers/job-vacancies/apply-vacancy,recruitment@almeera.com.qa,Doha,sourcing-gulf1,MX_VALID,Marketing Manager | cv:brand | country:Qatar | promu prio1 scope-elargi 2026-08
Printemps Doha (Doha Oasis),Luxury Retail,1,https://in.linkedin.com/posts/sarab-a-zourob-7687aab9_we-are-hiring-kindly-share-your-resume-to-activity-6964511552821444608-nQ2z,Talents@printempsdoha.com,Doha,sourcing-gulf1,MX_VALID,Senior Marketing Manager | cv:brand | country:Qatar | promu prio1 scope-elargi 2026-08
Regency Group Holding (Al Asmakh Group),Real Estate / Conglomerate,1,https://alasmakhgroup.com/careers.html,hrd@regencygroupq.com,Doha,sourcing-gulf1,MX_VALID,Group Marketing Manager | cv:generic | country:Qatar | promu prio1 scope-elargi 2026-08
Alfardan Properties (Alfardan Group),Real Estate,1,https://www.alfardanproperties.com/contact-us/,afp_recruitment@alfardan.com.qa,Doha,sourcing-gulf1,MX_VALID,Marketing Manager | cv:generic | country:Qatar | promu prio1 scope-elargi 2026-08
25 Spaces Real Estate,Real Estate,1,https://25spaces-dev.q.starberry.com/careers/,careers@25spaces.com,Doha (The Pearl Island),sourcing-gulf1,MX_VALID,Marketing Manager | cv:generic | country:Qatar | promu prio1 scope-elargi 2026-08
Doha Quest (Doha Oasis theme park),Entertainment / Leisure,1,https://dohaquest.com/en/contact,careers@dohaquest.com,Doha,sourcing-gulf1,MX_VALID,Marketing Manager | cv:brand | country:Qatar | promu prio1 scope-elargi 2026-08
Lusail Circuit Sports Club (Lusail International Circuit),Sports / Events,1,https://www.lcsc.qa/en/contact/,info@lcsc.qa,Lusail,sourcing-gulf1,MX_VALID,Senior Marketing Manager | cv:generic | country:Qatar | promu prio1 scope-elargi 2026-08
Apex Events,Events Management,1,https://apexqatar.com/,events@apexqatar.com,Doha,sourcing-gulf1,MX_VALID,Marketing & Business Development Manager | cv:generic | country:Qatar | promu prio1 scope-elargi 2026-08
Safir Hotels & Resorts,Hospitality,1,https://www.safirhotels.com/careers,jobs@safirhotels.com,Kuwait City,sourcing-gulf1,MX_VALID,Cluster Director of Marketing / Marketing & Communications Manager | cv:hospitality | country:Kuwait | promu prio1 scope-elargi 2026-08
Kout Food Group,F&B / Restaurant Franchising,1,https://www.koutfood.com/careers,info@koutfood.com,Kuwait City,sourcing-gulf1,MX_VALID,Senior Marketing Manager | cv:generic | country:Kuwait | promu prio1 scope-elargi 2026-08
Alyasra Fashion,Retail / Fashion,1,https://www.alyasra.com/careers/,careers@alyasra.com,Kuwait City,sourcing-gulf1,MX_VALID,Head of Brand Marketing / Senior Marketing Manager | cv:brand | country:Kuwait | promu prio1 scope-elargi 2026-08
Boushahri Group,Retail / Beauty & Healthcare Distribution,1,https://www.boushahrigroup.com/careers/,info@boushahrigroup.com,Salmiya,sourcing-gulf1,MX_VALID,Senior Digital Marketing Manager | cv:brand | country:Kuwait | promu prio1 scope-elargi 2026-08
Gulf Hotels Group,Hospitality,1,https://www.gulfhotelsgroup.com/careers.php,recruitment@gulfhotelsgroup.com,Manama,sourcing-gulf1,MX_VALID,Director of Marketing / Cluster Marketing Manager | cv:hospitality | country:Bahrain | promu prio1 scope-elargi 2026-08
The K Hotel,Hospitality,1,https://www.thekhotel.com/careers,hiring@thekhotel.com,"Juffair, Manama",sourcing-gulf1,MX_VALID,Marketing & Communications Manager | cv:hospitality | country:Bahrain | promu prio1 scope-elargi 2026-08
Bahrain Duty Free,Travel Retail,1,https://bdutyfree.com/departure/careers,careers@bdutyfree.com,Muharraq (Bahrain International Airport),sourcing-gulf1,MX_VALID,Senior Marketing Manager | cv:generic | country:Bahrain | promu prio1 scope-elargi 2026-08
Hasan Mansouri Group,"Family Conglomerate (construction, property, F&B)",1,https://www.hasanmansouri.com/,office@hasanmansouri.com,Manama,sourcing-gulf1,MX_VALID,Group Marketing Manager | cv:generic | country:Bahrain | promu prio1 scope-elargi 2026-08
Fakhro Group,"Family Conglomerate (retail, distribution, services)",1,https://www.fakhro.com/careers,info@fakhro.com,Manama,sourcing-gulf1,MX_VALID,Group Head of Marketing / Senior Marketing Manager | cv:generic | country:Bahrain | promu prio1 scope-elargi 2026-08
Mohammed Jalal & Sons Group,"Family Conglomerate (consumer, industrial, F&B)",1,https://www.jalal.com/,info@jalal.com,Manama,sourcing-gulf1,MX_VALID,Group Marketing Manager | cv:generic | country:Bahrain | promu prio1 scope-elargi 2026-08
Unisono,Branding / Creative Agency,1,https://unisonoagency.com/,info@unisonoagency.com,Manama,sourcing-gulf1,MX_VALID,Strategy Director / Senior Brand Strategist | cv:brand | country:Bahrain | promu prio1 scope-elargi 2026-08
Saud Bahwan Group,"Family Conglomerate (automotive, real estate, tourism)",1,https://saudbahwangroup.com/job-vacancies-in-oman/,sbghrd@sbgoman.com,Muscat,sourcing-gulf1,MX_VALID,Senior Marketing Manager (Deputy Manager level) | cv:generic | country:Oman | promu prio1 scope-elargi 2026-08
Khimji Ramdas Group,"Family Conglomerate (retail, FMCG, lifestyle)",1,https://www.khimji.com/careers/,hrd@kr.om,Muscat,sourcing-gulf1,MX_VALID,Group Senior Marketing Manager | cv:generic | country:Oman | promu prio1 scope-elargi 2026-08
W.J. Towell & Co.,"Family Conglomerate (FMCG, retail, real estate)",1,https://www.wjtowell.com/careers,info@wjtowell.com,Muscat,sourcing-gulf1,MX_VALID,Group Marketing Manager | cv:generic | country:Oman | promu prio1 scope-elargi 2026-08
Muriya Tourism Development (Orascom),Hospitality,1,https://www.muriya.om/careers,career@muriya.om,"Muscat / Salalah (Hawana Salalah, Jebel Sifah)",sourcing-gulf1,MX_VALID,Director of Marketing / Destination Marketing Manager | cv:hospitality | country:Oman | promu prio1 scope-elargi 2026-08
City Seasons Hotel Muscat,Hospitality,1,https://www.cityseasonshotels.com/careers,info@cityseasonshotels.com,Muscat,sourcing-gulf1,MX_VALID,Marketing & Communications Manager | cv:hospitality | country:Oman | promu prio1 scope-elargi 2026-08
Riyadh Food Industries Co. (Riyadh Foods),Food Manufacturing,1,https://riyadhfoods.com/pages/contact-us,info@riyadhfoods.com,Riyadh,big-sweep,MX_VALID,Marketing Manager | cv:generic
Saudi Ceramics Company,Building Materials Manufacturing,1,https://www.saudiceramics.com/en/contact-us,info@saudiceramics.com,Riyadh,big-sweep,MX_VALID,Marketing Manager | cv:generic
Al Faisaliah Group (AFG),Diversified Investment Group,1,https://www.alfaisaliah.com/,afg@afg.com.sa,Riyadh,big-sweep,MX_VALID,Head of Marketing | cv:generic
Saudi Modern Company,Diversified (Food / Real Estate),1,https://www.saudimodern.com/contact-us/,info@saudimodern.com,Riyadh,big-sweep,MX_VALID,Marketing Manager | cv:generic
Kingdom Holding Company,Investment Management,1,https://kingdom.com.sa/contact/,careers@kingdom.com.sa,Riyadh,big-sweep,MX_VALID,Senior Marketing / Communications Manager | cv:generic
AlJammaz Group,Technology / IT Distribution,1,https://www.aljammaz.com/contact,info@aljammaz.com,Riyadh,big-sweep,MX_VALID,Marketing Manager | cv:generic
Astra Industrial Group,Industrial / Pharmaceuticals,1,https://www.astra.com.sa/contact-us/,riyadh@astra.com.sa,Riyadh,big-sweep,MX_VALID,Senior Marketing Manager | cv:generic
Al-Khaleej Training and Education,Education / Training,1,https://alkhaleej.com.sa/en/contact,investor.relations@alkhaleej.com.sa,Riyadh,big-sweep,MX_VALID,Marketing Manager | cv:generic
Caffeine Lab Coffee Roasters,Retail / F&B (specialty coffee),1,https://caffeinelab.me/pages/careers,careers@caffeinelab.me,Jeddah,big-sweep,MX_VALID,Marketing Manager | cv:brand
Hadya Group,"Real Estate, Hospitality & Facilities",1,https://www.hadya.com/,info@hadya.com,Jeddah,big-sweep,MX_VALID,Group Marketing Manager | cv:generic
Savola Group (Savola World),FMCG,1,https://www.savolaworld.com/en/contact_us.php,info@savolaworld.com,Jeddah,big-sweep,MX_VALID,Senior Marketing Manager | cv:brand
International Medical Center (IMC),Healthcare,1,https://www.imc.med.sa/en/contact-us,IMCinfo@imc.med.sa,Jeddah,big-sweep,MX_VALID,Marketing Manager | cv:generic
Zahid Group,Conglomerate / Trading,1,https://www.zahid.com/contact/,info@zahid.com,Jeddah,big-sweep,MX_VALID,Group / Senior Marketing Manager | cv:generic
Attieh Steel (Attieh Group),Steel / Industrial Trading,1,https://www.attiehgroup.com/contact_us,info@attiehgroup.com,Jeddah,big-sweep,MX_VALID,Marketing Manager | cv:generic
Badr Bugshan Group,Conglomerate / Trading,1,http://www.badrbugshan.com/contact,info@badrbugshan.com,Jeddah,big-sweep,MX_VALID,Marketing Manager | cv:generic
JESCO (Jubail Energy Services Company),Petrochemicals / Manufacturing,1,https://www.jesco.com.sa/CAREER,recruitment@jesco.com.sa,Jubail,big-sweep,MX_VALID,Senior Marketing / Communications Manager | cv:generic
Petrochem (Petrochemical Conversion Company),Petrochemical,1,https://petrocheme.com/careers,jobs@petrocheme.com,Jubail,big-sweep,MX_VALID,Marketing / Corporate Communications Manager | cv:generic
Al-Hoty Company (AHC),Industrial testing & inspection services,1,https://www.al-hoty.com/career/,admin@al-hoty.com,Al Khobar,big-sweep,MX_VALID,Marketing / Business Development Manager | cv:generic
BoldTarget General Contracting,Contracting / Construction,1,https://boldtarget.sa/,info@boldtarget.sa,Al Khobar,big-sweep,MX_VALID,Senior Marketing Manager | cv:generic
Zamil Inspection & Technical Services,Industrial inspection services,1,https://zamil.sa/careers/,recruitments@zamil.sa,Dammam,big-sweep,MX_VALID,Marketing / BD Manager | cv:generic
Transgulf Readymix Concrete,Construction materials / Ready-mix,1,https://transgulfreadymix.com/careers/,recruitment@tgrmcc.com,Dammam,big-sweep,MX_VALID,Marketing Manager | cv:generic
Harbico,Contracting / Engineering,1,https://www.expatriates.com/classifieds/khobar/jobs/,career@harbico.com,Dammam,big-sweep,MX_VALID,Senior Marketing / BD Manager | cv:generic
Takara Saudi,Food & Beverage / QSR,1,https://www.expatriates.com/classifieds/khobar/jobs/,hrd@takarasaudi.com,Al Khobar,big-sweep,MX_VALID,Marketing Manager | cv:generic
Zamil O&M,Industrial operations & maintenance,1,https://careers.zamil.com/,jobs@zamil-om.com,Dammam,big-sweep,MX_VALID,Marketing / Communications Manager | cv:generic
Khobar Contractors Company (KCC),Petroleum equipment / Contracting,1,https://khobarcontractors.com/,info@khobarcontractors.com,Dammam,big-sweep,MX_VALID,Marketing / BD Manager | cv:generic
Al Tazaj Fakieh BBQ Chicken,F&B / QSR,1,https://www.linkedin.com/company/altazaj,careers@taza.com.sa,Jeddah,big-sweep,MX_VALID,Senior Marketing Manager | cv:brand
Daily Food Company (Maestro Pizza),F&B / QSR,1,https://dailyfoodsa.com/careers.html,careers@dailyfoodsa.com,Riyadh,big-sweep,MX_VALID,Marketing Manager | cv:brand
GCC Marketing,Agency,1,https://www.gcc-marketing.com/careers/,careers@gcc-marketing.com,Dubai,big-sweep,MX_VALID,Performance/Digital Marketing Lead | cv:generic | country:UAE | promu prio1 scope-elargi 2026-08
GPS Marketing Agency,Agency,1,https://www.gpsmarketing.agency/careers/,Hr@gpsmarketing.agency,Dubai,big-sweep,MX_VALID,Senior Social/Digital Marketing Manager | cv:generic | country:UAE | promu prio1 scope-elargi 2026-08
Cristal Group (Cristal Hospitality),Hospitality,1,https://www.cristalhospitality.com/en/careers/,hra.chad@cristalhospitality.com,Abu Dhabi,big-sweep,MX_VALID,Marketing & Communications Manager | cv:hospitality | country:UAE | promu prio1 scope-elargi 2026-08
Verve Management,Events,1,https://verve-management.com/careers/,info@verve-management.com,Dubai,big-sweep,MX_VALID,Senior Marketing Manager | cv:brand | country:UAE | promu prio1 scope-elargi 2026-08
BinHendi Enterprises,Retail,1,https://www.dubai-forever.com/restaurant-jobs-in-dubai.html,bhcareers@binhendi.com,Dubai,big-sweep,MX_VALID,Senior Brand/Marketing Manager | cv:brand | country:UAE | promu prio1 scope-elargi 2026-08
Jones the Grocer UAE,Hospitality,1,https://www.dubai-forever.com/restaurant-jobs-in-dubai.html,recruitment-uae@jonesthegrocer.com,Dubai,big-sweep,MX_VALID,Brand/Marketing Manager | cv:hospitality | country:UAE | promu prio1 scope-elargi 2026-08
The Noodle House,Hospitality,1,https://www.dubai-forever.com/restaurant-jobs-in-dubai.html,info@thenoodlehouse.com,Dubai,big-sweep,MX_VALID,Marketing Manager | cv:hospitality | country:UAE | promu prio1 scope-elargi 2026-08
Paramount Hotel Dubai,Hospitality,1,https://www.paramounthotelsdubai.com/dubai/casting-careers,careers@paramounthotelsdubai.com,Dubai,big-sweep,MX_VALID,Marketing & Communications Manager | cv:hospitality | country:UAE | promu prio1 scope-elargi 2026-08
Dubai International Hotel,Hospitality,1,https://jobsarchives.com/careers/dubai-international-hotel/,careers@dihdxb.ae,Dubai,big-sweep,MX_VALID,Marketing Director | cv:hospitality | country:UAE | promu prio1 scope-elargi 2026-08
Max Events Dubai,Events,1,https://maxeventsdubai.com/careers/,recruitment.maxeventsdubai@gmail.com,Dubai,big-sweep,MX_VALID,Marketing Manager | cv:brand | country:UAE | promu prio1 scope-elargi 2026-08
UV Events DXB,Events,1,https://uveventsdxb.com/career/,queries@uveventsdxb.com,Dubai,big-sweep,MX_VALID,Marketing Executive/Manager | cv:brand | country:UAE | promu prio1 scope-elargi 2026-08
Prism Digital (Prism-ME),Agency,1,https://www.prism-me.com/careers,sales@prism-me.com,Dubai,big-sweep,MX_VALID,Senior Digital Marketing Manager | cv:generic | country:UAE | promu prio1 scope-elargi 2026-08
Digital Links Pro,Agency,1,https://digitallinkspro.com/careers/,hello@digitallinkspro.com,Dubai,big-sweep,MX_VALID,Senior Digital Marketing Manager | cv:generic | country:UAE | promu prio1 scope-elargi 2026-08
Moonbox,Agency,1,https://www.moonbox.ae/careers/,careers@moonbox.ae,Dubai,big-sweep,MX_VALID,Senior Marketing/Brand Manager | cv:generic | country:UAE | promu prio1 scope-elargi 2026-08
WGG Advertising Agency,Agency,1,https://wgg-agency.com/vacancies,hr@wgg-agency.com,Dubai,big-sweep,MX_VALID,Senior Marketing Manager | cv:generic | country:UAE | promu prio1 scope-elargi 2026-08
Luxfolio Real Estate,Real Estate,1,https://luxfoliorealestate.ae/careers/,info@luxfoliorealestate.ae,Dubai,big-sweep,MX_VALID,Marketing Manager | cv:brand | country:UAE | promu prio1 scope-elargi 2026-08
"Cravia (Zaatar w Zeit, Cinnabon, Seattle's Best Coffee, Carvel)",F&B franchise,1,https://cravia.com/job-openings/,careers@cravia.com,Dubai,big-sweep,MX_VALID,Head of Marketing / Senior Brand Marketing Manager | cv:brand | country:UAE | promu prio1 scope-elargi 2026-08
Rivoli Group,"Luxury retail (watches, jewellery, fashion)",1,https://www.rivoligroup.com/careers,hr@rivoligroup.com,Dubai,big-sweep,MX_VALID,Senior Marketing Manager / Retail Brand Marketing | cv:brand | country:UAE | promu prio1 scope-elargi 2026-08
Sunset Hospitality Group,Hospitality,1,https://www.sunsethospitality.com/careers,info@sunsethospitality.com,Dubai,big-sweep,MX_VALID,Senior Marketing Manager (Lifestyle / F&B) | cv:hospitality | country:UAE | promu prio1 scope-elargi 2026-08
Al Islami Foods,F&B / FMCG (halal food),1,https://alislamifoods.com/careers/,careers@alislamifoods.com,Dubai,big-sweep,MX_VALID,Senior Marketing / Brand Manager | cv:brand | country:UAE | promu prio1 scope-elargi 2026-08
Champs Sports Club,Fitness,1,https://www.gocareer.club/2026/05/fitness-manager-jobs-in-dubai-uae.html,recruitment@champs-sportsclub.com,Dubai,big-sweep,MX_VALID,Marketing Manager (Sports & Fitness Club) | cv:brand | country:UAE | promu prio1 scope-elargi 2026-08
HMH - Hospitality Management Holdings,Hospitality,1,https://www.hmhhospitality.com/,careers@hmhhospitality.com,Dubai,big-sweep,MX_VALID,Senior Marketing Manager (Hotels) | cv:hospitality | country:UAE | promu prio1 scope-elargi 2026-08
United Development Company (UDC / The Pearl-Qatar),Real Estate,1,https://udcqatar.com/Contact-Us,marketing@udcqatar.com,Doha,big-sweep,MX_VALID,Marketing & Communications Manager | cv:generic | country:Qatar | promu prio1 scope-elargi 2026-08
Aamal Company,Retail / Conglomerate,1,https://www.aamal.com.qa/en/careers,careers@aamal.com.qa,Doha,big-sweep,MX_VALID,Marketing Manager | cv:generic | country:Qatar | promu prio1 scope-elargi 2026-08
The Pearl Gates,Real Estate,1,https://www.careers-page.com/the-pearl-gates-2,tpg-careers@gmail.com,Doha,big-sweep,MX_VALID,Marketing & Advertising Manager | cv:generic | country:Qatar | promu prio1 scope-elargi 2026-08
Salam International Investment,Retail,1,https://siis.com/contact-us/,hr@salaminternational.com,Doha,big-sweep,MX_VALID,Marketing Manager | cv:brand | country:Qatar | promu prio1 scope-elargi 2026-08
Kuwait Hotels Company,Hospitality,1,https://khc.com.kw/careers/,info@khc.com.kw,Kuwait City,big-sweep,MX_VALID,Marketing Manager | cv:hospitality | country:Kuwait | promu prio1 scope-elargi 2026-08
One PM Holding (Pret A Manger Kuwait),F&B / Retail,1,https://www.pret.com/en-KW/jobs,careers@onepmholding.com,Kuwait City,big-sweep,MX_VALID,Senior Marketing Manager | cv:generic | country:Kuwait | promu prio1 scope-elargi 2026-08
Fine Foods Catering,F&B,1,https://ffcatering.com/careers.php,info@ffcatering.com,Manama,big-sweep,MX_VALID,Marketing Manager | cv:generic | country:Bahrain | promu prio1 scope-elargi 2026-08
Deepmark,Agency,1,https://thedeepmark.com/contact/,hello@thedeepmark.com,Manama,big-sweep,MX_VALID,Brand / Account Director | cv:brand | country:Bahrain | promu prio1 scope-elargi 2026-08
Almoayyed Creative Agency,Agency,1,https://almoayyedca.com/,info@almoayyedca.com,Manama,big-sweep,MX_VALID,Marketing / Account Director | cv:brand | country:Bahrain | promu prio1 scope-elargi 2026-08
Oman Advertising Agency (OmanAd),Agency,1,https://www.omanad.net/,info@omanad.net,Muscat,big-sweep,MX_VALID,Marketing Communications Lead | cv:brand | country:Oman | promu prio1 scope-elargi 2026-08
Trifoil Advertising & Publishing,Agency,1,https://trifoilad.com/,info@trifoilad.com,Muscat,big-sweep,MX_VALID,Marketing / Account Director | cv:brand | country:Oman | promu prio1 scope-elargi 2026-08
BrandOne,Agency,1,https://www.brandone-oman.com/,mail@brandone-oman.com,Muscat,big-sweep,MX_VALID,Brand Strategist / Marketing Lead | cv:brand | country:Oman | promu prio1 scope-elargi 2026-08
Poixel,Agency,1,https://www.poixel.com/,info@poixel.com,Kuwait City,big-sweep,MX_VALID,Marketing / Account Director | cv:brand | country:Kuwait | promu prio1 scope-elargi 2026-08
Ghaliah,Agency,1,https://www.ghaliah.com/,info@ghaliah.com,Kuwait City,big-sweep,MX_VALID,Marketing / Account Director | cv:brand | country:Kuwait | promu prio1 scope-elargi 2026-08
Smart Target,Agency,1,https://smarttargetkwt.com/,hello@smarttargetkwt.com,Kuwait City,big-sweep,MX_VALID,Marketing / Account Director | cv:brand | country:Kuwait | promu prio1 scope-elargi 2026-08
Bowaba,Agency,1,https://bowaba.com/,hello@bowaba.com,Kuwait City,big-sweep,MX_VALID,Brand / Marketing Lead | cv:brand | country:Kuwait | promu prio1 scope-elargi 2026-08
Shawarmer,F&B chain (QSR / shawarma),1,https://shawarmer.com,info@shawarmer.com,Riyadh,https://shawarmer.com,MX_VALID,WF-sourced 2026-08 (published) | Marketing Manager / Digital Marketing Manager | SMTP:MX_VALID host=shawarmer-com.mail.protection.outlook.com cand=250 fake | src:https://shawarmer.com
Barn's (Barn's Coffee),F&B chain (specialty coffee),1,https://barns.com.sa,info@barns.com.sa,Jeddah,https://www.barns.com.sa/en/contact-us,RISKY,WF-sourced 2026-08 (pattern) | Digital Marketing Manager / Brand Manager | SMTP:RISKY mx_ok_smtp_unreachable:timeout:timed out | src:https://www.barns.com.sa/en/contact-us
Almatar,"Travel tech (OTA — flights, hotels, packages)",1,https://www.almatar.com,careers@almatar.com,Riyadh,https://www.almatar.com/en/career/,MX_VALID,WF-sourced 2026-08 (pattern) | Performance Marketing Lead / Digital Marketing Manager | SMTP:MX_VALID host=almatar-com.mail.protection.outlook.com cand=250 fake=5 | src:https://www.almatar.com/en/career/
Funadiq,Hajj/Umrah travel tech (OTA),1,https://www.funadiq.com,info@funadiq.com,Makkah,https://www.funadiq.com/contact-us,RISKY,WF-sourced 2026-08 (pattern) | Digital / Performance Marketing Manager | SMTP:RISKY host=aspmx.l.google.com cand=250 fake=250 | src:https://www.funadiq.com/contact-us
NICE ONE (Nice One Beauty Digital Marketing Co.),Beauty & personal-care e-commerce,1,https://niceonesa.com,cs@niceonesa.com,Riyadh,https://niceonesa.com/en,MX_VALID,WF-sourced 2026-08 (published) | Performance Marketing Lead / Digital Marketing Manager | SMTP:MX_VALID host=niceonesa-com.mail.protection.outlook.com cand=250 fake | src:https://niceonesa.com/en
L'azurde Company for Jewelry,Jewelry manufacturing & retail,1,https://www.lazurde.com,careers@lazurde.com,Riyadh,https://www.gulftalent.com/companies/l-azurde-company-for-jewelry-careers,RISKY,WF-sourced 2026-08 (pattern) | Brand Marketing Manager / Marketing Manager | SMTP:RISKY host=lazurde-com.mail.protection.outlook.com cand=250 fake=2 | src:https://www.gulftalent.com/companies/l-azurde-company-for-jewelry-careers
Jarir Bookstore (Jarir Marketing Company),Books & consumer-electronics retail,1,https://www.jarir.com,careers@jarir.com,Riyadh,https://www.jarir.com/sa-en/about-jarir/job-opportunities,RISKY,WF-sourced 2026-08 (pattern) | Digital Marketing Manager / Marketing Manager | SMTP:RISKY mx_ok_smtp_unreachable:timeout:timed out | src:https://www.jarir.com/sa-en/about-jarir/job-opportunities
Tamimi Markets,Supermarket / retail group,1,https://www.tamimimarkets.com,hr@tamimimarkets.com,Dammam,https://www.tamimimarkets.com/Careers,MX_VALID,WF-sourced 2026-08 (pattern) | Marketing & Merchandising Manager | SMTP:MX_VALID host=tamimimarkets-com.mail.protection.outlook.com cand=250  | src:https://www.tamimimarkets.com/Careers
eXtra (United Electronics Company),Consumer electronics & appliances retail,1,https://www.extra.com,careers@extra.com,Al Khobar,https://www.founditgulf.com/job/head-of-digital-marketing-extra-united-electronics-co-saudi-arabia-39536537,MX_VALID,WF-sourced 2026-08 (pattern) | Head of Digital Marketing / Digital Marketing Specialist | SMTP:MX_VALID host=extra-com.mail.protection.outlook.com cand=250 fake=550 | src:https://www.founditgulf.com/job/head-of-digital-marketing-extra-united-electroni
Rayat Marketing,360 marketing / events / brand agency,1,https://www.rayatmarketing.com,riyadh@rayatmarketing.com,Riyadh,https://www.rayatmarketing.com/,MX_VALID,WF-sourced 2026-08 (published) | Marketing Manager / Brand Manager | SMTP:MX_VALID_PUBLISHED mx_ok_smtp_unreachable:timeout:timed out | src:https://www.rayatmarketing.com/
Boopin,Integrated / performance marketing agency,1,https://www.boopin.com,info@boopin.com,Riyadh,https://www.boopin.com/en/contact/,MX_VALID,"WF-sourced 2026-08 (published) | Performance Marketing Lead, Social & Content | SMTP:MX_VALID_PUBLISHED host=aspmx.l.google.com cand=250 fake=250 | src:https://www.boopin.com/en/contact/"
Create Media,Content / social media production agency,1,https://createmedia.agency,fuz@createmedia.agency,Riyadh,https://createmedia.agency/contact/,MX_VALID,WF-sourced 2026-08 (published) | Content / Social Media Manager | SMTP:MX_VALID_PUBLISHED host=mx.zoho.com cand=550 fake=550 | src:https://createmedia.agency/contact/
Taglime,Copywriting / content / localization agency,1,https://www.taglimeagency.com,hello@taglimeagency.com,Riyadh,https://www.taglimeagency.com/contact-us/,MX_VALID,WF-sourced 2026-08 (published) | Content Marketing / Brand Communications Manager | SMTP:MX_VALID_PUBLISHED host=aspmx.l.google.com cand=250 fake=250 | src:https://www.taglimeagency.com/contact-us/
Hashtag,Social-first creative agency,1,https://hashtag-me.com,careers@hashtag-me.com,Riyadh,https://hashtag-me.com/ksa/,RISKY,WF-sourced 2026-08 (pattern) | Social Media / Content Manager | SMTP:RISKY host=aspmx.l.google.com cand=250 fake=250 | src:https://hashtag-me.com/ksa/
Salla,E-commerce SaaS platform,1,https://salla.com,info@salla.sa,Makkah,https://startup.jobs/growth-e-commerce-specialist-riyadh-salla-4545299,RISKY,WF-sourced 2026-08 (pattern) | Performance Marketing Manager / Growth E-commerce Specialist | SMTP:RISKY host=mxa.global.inbound.cf-emailsecurity.net cand=250 fake=2 | src:https://startup.jobs/growth-e-commerce-specialist-riyadh-salla-4545299
Rewaa,Retail SaaS (POS / inventory),1,https://rewaa.com,careers@rewaa.com,Riyadh,https://rewaa.com/careers/,RISKY,WF-sourced 2026-08 (pattern) | Head of Marketing | SMTP:RISKY host=aspmx.l.google.com cand=250 fake=250 | src:https://rewaa.com/careers/
Noon Academy,Ed-tech (social learning),1,https://www.noonacademy.com,careers@noonacademy.com,Riyadh,https://careers.learnatnoon.com/jobs/7670664-head-of-marketing,MX_VALID,WF-sourced 2026-08 (pattern) | Head of Marketing / Head of Growth & Marketing | SMTP:MX_VALID host=aspmx.l.google.com cand=250 fake=550 | src:https://careers.learnatnoon.com/jobs/7670664-head-of-marketing
RETAL Urban Development Company,Real estate developer,1,https://retal.com.sa,careers@retal.com.sa,Al Khobar,https://retal.com.sa/en/careers/,RISKY,WF-sourced 2026-08 (pattern) | Marketing Manager | SMTP:RISKY host=mxb-006f5802.gslb.pphosted.com cand=250 fake=250 | src:https://retal.com.sa/en/careers/
Dallah Healthcare Company,Private hospital group,1,https://www.dallahhealth.com,careers@dallahhealth.com,Riyadh,https://www.dallahhealth.com/english/hr-careers,MX_VALID,WF-sourced 2026-08 (pattern) | Marketing / Brand Manager | SMTP:MX_VALID host=smtp2.dallah-hospital.com cand=250 fake=550 | src:https://www.dallahhealth.com/english/hr-careers
Alfaisal University,Private university,1,https://www.alfaisal.edu,hr@alfaisal.edu,Riyadh,https://jobs.alfaisal.edu/,RISKY,WF-sourced 2026-08 (pattern) | Marketing / Communications Manager | SMTP:RISKY mx_ok_smtp_unreachable:timeout:timed out | src:https://jobs.alfaisal.edu/
International Schools Group (ISG),Private international schools group,1,https://www.isg.edu.sa,recruitment@isg.edu.sa,Dhahran,https://www.isg.edu.sa/careers,MX_VALID,WF-sourced 2026-08 (pattern) | Marketing / Communications Officer | SMTP:MX_VALID host=aspmx.l.google.com cand=250 fake=550 | src:https://www.isg.edu.sa/careers
ALTAWKILAT (Universal Motors Agencies),Automotive dealer,1,https://www.altawkilat.com,careers@altawkilat.com,Jeddah,https://www.altawkilat.com/en/,RISKY,WF-sourced 2026-08 (pattern) | Digital / Marketing Manager | SMTP:RISKY host=mx07-004dbc01.pphosted.com cand=250 fake=250 | src:https://www.altawkilat.com/en/
Rotana Hotels & Resorts,"Hospitality (hotel management, 100+ properties)",1,https://www.rotana.com,recruitment@rotana.com,Abu Dhabi,https://www.rotanacareers.com/,RISKY,WF-sourced 2026-08 (pattern) | Marketing Manager / Cluster Marketing | country:UAE | SMTP:RISKY host=rotana-com.mail.protection.outlook.com cand=250 fake=25 | src:https://www.rotanacareers.com/
Tabby,Fintech / e-commerce (BNPL shopping app),1,https://tabby.ai,careers@tabby.ai,Dubai,https://tabby.ai/en-AE/careers,RISKY,"WF-sourced 2026-08 (pattern) | Marketing (growth, lifecycle, brand) | country:UAE | SMTP:RISKY host=aspmx.l.google.com cand=250 fake=250 | src:https://tabby.ai/en-AE/careers"
Snoonu,Tech / super-app (food & grocery delivery),1,https://snoonu.com,careers@snoonu.com,Doha,https://wuzzuf.net/jobs/p/g/oc8SVSutTECO-Marketing-Manager-Snoonu-Doha-Qatar,RISKY,WF-sourced 2026-08 (pattern) | Marketing Manager + Head of Digital Marketing (both actively posted) | country:Qatar | SMTP:RISKY host=aspmx.l.google.com cand=250 fake=250 | src:https://wuzzuf.net/jobs/p/g/oc8SVSutTECO-Marketing-Manager-Snoonu-Doha-Qatar
Ali Bin Ali Holding,"Retail & distribution conglomerate (luxury, FMCG, tech brands)",1,https://alibinali.com,hr@alibinali.com,Doha,https://alibinali.com/careers/careers-with-us/,RISKY,WF-sourced 2026-08 (pattern) | Brand / Marketing Manager for retail divisions | country:Qatar | SMTP:RISKY host=alibinali-com.mail.protection.outlook.com cand=250 fake | src:https://alibinali.com/careers/careers-with-us/
Dallah Advertising,Advertising / creative agency (flagship of Dallah Group),1,https://dallahadvertising.net,info@dallahadvertising.net,Doha,http://dallahadvertising.net/index/,MX_VALID,WF-sourced 2026-08 (pattern) | Digital Marketing / Account Manager (agency-side) | country:Qatar | SMTP:MX_VALID host=dallahadvertising-net.mail.protection.outlook.com cand= | src:http://dallahadvertising.net/index/
Y.K. Almoayyed & Sons,"Retail & distribution conglomerate (auto, electronics, tyres, brands)",1,https://www.almoayyed.com,jobs@almoayyed.com,Manama,https://www.almoayyed.com/careers/,MX_VALID,WF-sourced 2026-08 (published) | Marketing Manager (retail / automotive brands) | country:Bahrain | SMTP:MX_VALID_PUBLISHED host=mx2.hc845-35.eu.iphmx.com cand=250 fake=250 | src:https://www.almoayyed.com/careers/
The Gulf Hotel Bahrain,Hospitality (5-star hotel & convention group),1,https://www.gulfhotelbahrain.com,info@gulfhotelbahrain.com,Manama,https://www.gulfhotelbahrain.com/contact-us,MX_VALID,WF-sourced 2026-08 (published) | Marketing & Communications Manager (hotel group) | country:Bahrain | SMTP:MX_VALID host=gulfhotelbahrain-com.mail.protection.outlook.com cand=2 | src:https://www.gulfhotelbahrain.com/contact-us
Tarabut,Fintech (open banking / embedded finance),1,https://www.tarabut.com,info@tarabut.com,Manama,https://www.tarabut.com/contact-us,MX_VALID,WF-sourced 2026-08 (published) | Performance / Digital Marketing (fintech growth) | country:Bahrain | SMTP:MX_VALID host=tarabut-com.mail.protection.outlook.com cand=250 fake=5 | src:https://www.tarabut.com/contact-us
Jawad Business Group,"Retail & hospitality group (convenience, fashion, F&B, malls)",1,https://www.jawad.com,jawad@jawad.com,Manama,http://www.jawad.com/careers/current_vacancies,MX_VALID,WF-sourced 2026-08 (pattern) | Marketing Manager (retail & hospitality brands) | country:Bahrain | SMTP:MX_VALID host=jawad-com.mail.protection.outlook.com cand=250 fake=550 | src:http://www.jawad.com/careers/current_vacancies
Boutiqaat,E-commerce / beauty-tech,1,https://www.boutiqaat.com,careers@boutiqaat.com,Kuwait City,https://support.boutiqaat.com/join-us,MX_VALID,WF-sourced 2026-08 (pattern) | Marketing Specialist / Digital Marketing Manager | country:Kuwait | SMTP:MX_VALID host=boutiqaat-com.mail.protection.outlook.com cand=250 fake | src:https://support.boutiqaat.com/join-us
Alghanim Industries,"Retail / diversified conglomerate (Xcite, F&B franchises)",1,https://www.alghanim.com,careers@alghanim.com,Kuwait City,https://careers.alghanim.com/,MX_VALID,WF-sourced 2026-08 (pattern) | Senior Marketing Manager (F&B) / Assistant Marketing Manager | country:Kuwait | SMTP:MX_VALID host=alghanim-com.mail.protection.outlook.com cand=250 fake= | src:https://careers.alghanim.com/
Mezzan Holding,FMCG / catering / retail holding,1,https://www.mezzan.com,info@mezzan.com,Kuwait City,https://www.mezzan.com/contact/,MX_VALID,WF-sourced 2026-08 (published) | Brand / Marketing Manager | country:Kuwait | SMTP:MX_VALID_PUBLISHED mx_ok_smtp_unreachable:timeout:timed out | src:https://www.mezzan.com/contact/
The Zubair Corporation,"Diversified conglomerate (automotive, real estate, ICT, tourism)",1,https://www.zubaircorp.com,careers@zubaircorp.com,Muscat,https://jobs.zubaircorp.com/,RISKY,WF-sourced 2026-08 (pattern) | Marketing / Communications Manager | country:Oman | SMTP:RISKY host=cluster1a.eu.messagelabs.com cand=421 fake=421 | src:https://jobs.zubaircorp.com/
OTE Group,Automotive / electronics / retail conglomerate (Saud Bahwan group),1,https://www.otegroup.com,careers@otegroup.com,Muscat,https://www.otegroup.com/en/careers,MX_VALID,WF-sourced 2026-08 (pattern) | Marketing Manager | country:Oman | SMTP:MX_VALID host=otegroup-com.mail.protection.outlook.com cand=250 fake= | src:https://www.otegroup.com/en/careers
Bank Muscat,Banking (in-house marketing / brand),1,https://www.bankmuscat.com,careers@bankmuscat.com,Muscat,https://www.bankmuscat.com/en/aboutus/Pages/Careers.aspx,RISKY,WF-sourced 2026-08 (pattern) | Marketing Coordinator / Marketing Manager | country:Oman | SMTP:RISKY host=bankmuscat-com.mail.protection.outlook.com cand=250 fak | src:https://www.bankmuscat.com/en/aboutus/Pages/Careers.aspx
Sipchem,Industrial,1,https://www.sipchem.com,talentacquisition@sipchem.com,Jubail,auto-refill-routine,MX_VALID,Digital Marketing Manager | cv:generic
Saudi Arabian Amiantit Company,Industrial,1,https://amiantit.com,info@amiantit.com,Dammam,auto-refill-routine,MX_VALID,Marketing Manager | cv:generic
Khusheim Holding,Industrial,1,https://khusheim.com,careers@khusheim.com,Dammam,auto-refill-routine,MX_VALID,Marketing Manager | cv:generic
Al Suwaidi Holding,Industrial,1,https://www.suwaidi.com,sales@alsuwaidi.com.sa,Dammam,auto-refill-routine,MX_VALID,Marketing Manager | cv:generic
Yanbu Cement Company,Industrial,1,https://ycc.sa,customercare@ycc.sa,Yanbu,auto-refill-routine,MX_VALID,Digital Marketing Manager | cv:generic
SENAAT,Industrial,1,https://senaat.com,info@senaat.com,Dammam,auto-refill-routine,MX_VALID,Marketing Manager | cv:generic
Saudi Global Ports,Logistics,1,https://www.saudiglobalports.com.sa,SGPC-ContactUs@globalpsa.com,Dammam,auto-refill-routine,MX_VALID,Marketing Manager | cv:generic
Prince Mohammad Bin Fahd University,Education,1,https://www.pmu.edu.sa,pr-mar-adv-dep@pmu.edu.sa,Al Khobar,auto-refill-routine,MX_VALID,Marketing Manager | cv:generic
King Fahd University of Petroleum and Minerals,Education,1,https://www.kfupm.edu.sa,hrconnect@kfupm.edu.sa,Dhahran,auto-refill-routine,MX_VALID,Marketing Manager | cv:generic
King Faisal University,Education,1,https://www.kfu.edu.sa,info@kfu.edu.sa,Al Ahsa,auto-refill-routine,MX_VALID,Marketing Manager | cv:generic
Nada Dairy,Food and Beverage,1,https://nada.com.sa,nada@nadadairy.com,Al Ahsa,auto-refill-routine,MX_VALID,Brand Manager | cv:brand
United Group,Food and Beverage,1,https://www.unitedgroup.com.sa,contact@unitedgroup.com.sa,Al Khobar,auto-refill-routine,MX_VALID,Marketing Manager | cv:generic
Al Hugayet Group,Industrial,1,https://www.alhugayet.com,info@alhugayet.com,Al Khobar,auto-refill-routine,MX_VALID,Marketing Manager | cv:generic
Alkifah Holding,Construction,1,https://www.alkifah.com.sa,info@alkifah.com,Dammam,auto-refill-routine,MX_VALID,Digital Marketing Manager | cv:generic
Saudi Readymix,Construction,1,https://www.saudireadymix.com,info@saudireadymix.com.sa,Dammam,auto-refill-routine,MX_VALID,Marketing Manager | cv:generic
Right Click,Marketing Agency,1,https://www.rightclick.sa,info@rightclick.sa,Riyadh,auto-refill-routine,MX_VALID,Digital Marketing Manager | cv:brand
Tihama Advertising and Public Relations,Marketing Agency,1,https://www.tihama.com,info@tihama.com,Riyadh,auto-refill-routine,MX_VALID,Marketing Director | cv:brand
Leads,Marketing Agency,1,https://leads.sa,info@leads.sa,Al Khobar,auto-refill-routine,MX_VALID,Digital Marketing Manager | cv:brand
Room 11,Marketing Agency,1,https://room11.sa,info@room11.sa,Jeddah,auto-refill-routine,MX_VALID,Performance Marketing Manager | cv:brand
Seven Dimensions,Marketing Agency,1,https://7di.sa,contact@7di.sa,Riyadh,auto-refill-routine,MX_VALID,Head of Digital | cv:brand
Jusoor,Marketing Agency,1,https://jusoor.com.sa,careers@jusoor.com.sa,Riyadh,auto-refill-routine,MX_VALID,Digital Marketing Manager | cv:brand
Kaden Investment,Real Estate,1,https://www.kaden-sa.com,info@kaden-sa.com,Riyadh,auto-refill-routine,MX_VALID,Marketing Manager | cv:generic
Midad Real Estate,Real Estate,1,https://midad.com.sa,info@midad.com.sa,Riyadh,auto-refill-routine,MX_VALID,Marketing Director | cv:generic
Ajwaad Group,Tourism,1,https://ajwaadgroup.com,info@ajwaadgroup.com,Riyadh,auto-refill-routine,MX_VALID,Marketing Manager | cv:generic
Saudi Premier Group,Tourism,1,https://saudipremiergroup.com,info@saudipremiergroup.com,Riyadh,auto-refill-routine,MX_VALID,Brand Marketing Manager | cv:brand
Umrah Travel Agency,Tourism,1,https://www.umrahtravel.com,info@umrahtravel.com,Makkah,auto-refill-routine,MX_VALID,Digital Marketing Manager | cv:generic
Saudi Event Services,Events,1,https://saudieventservices.com,info@saudieventservices.com,Riyadh,auto-refill-routine,MX_VALID,Marketing Manager | cv:generic
Next Productions,Media,1,https://www.nextproductions.sa,info@nextproductions.sa,Riyadh,auto-refill-routine,MX_VALID,Marketing Manager | cv:brand
Idea Factory Films,Media,1,http://ideafactory-films.com,info@ideafactory-films.com,Riyadh,auto-refill-routine,MX_VALID,Marketing Manager | cv:brand
British International School Riyadh,Education,1,https://www.bisr.com.sa,baeadmissions@bisr.com.sa,Riyadh,auto-refill-routine,MX_VALID,Marketing Manager | cv:generic
AlMeswak Medical Group,Healthcare,1,https://www.almeswak.com,info@almeswak.com,Riyadh,auto-refill-routine,MX_VALID,Digital Marketing Manager | cv:generic
The Clinics,Healthcare,1,https://the-clinics.com,hello@the-clinics.com,Riyadh,auto-refill-routine,MX_VALID,Digital Marketing Manager | cv:generic
Al Jawdah Clinics,Healthcare,1,https://aljawdahclinics.sa,info@aljawdahclinic.com,Jeddah,auto-refill-routine,MX_VALID,Digital Marketing Manager | cv:generic
TAM Dental,Healthcare,1,https://tamdental.sa,info@tamdental.sa,Jeddah,auto-refill-routine,MX_VALID,Digital Marketing Manager | cv:generic
Al Alam Medical Complex,Healthcare,1,https://alalammedical.sa,info@alalammedical.sa,Abha,auto-refill-routine,MX_VALID,Digital Marketing Manager | cv:generic
Al Madinah Medical Center,Healthcare,1,https://madinahclinic.com,info@madinahclinic.com,Madinah,auto-refill-routine,MX_VALID,Digital Marketing Manager | cv:generic
Shifa Jeddah Polyclinic,Healthcare,1,https://shifajeddah.com,contact@shifajeddahksa.com,Jeddah,auto-refill-routine,MX_VALID,Marketing Manager | cv:generic
Hosn Clinics,Healthcare,1,https://hosnclinics.sa,info@hosnclinics.sa,Al Khobar,auto-refill-routine,MX_VALID,Digital Marketing Manager | cv:generic
Bateel International,Retail,1,https://www.bateel.com,talent.ksa@bateel.com,Riyadh,auto-refill-routine,MX_VALID,Marketing Manager | cv:generic
HB Brands,Food and Beverage,1,https://www.hbbrands.com,info@hbbrands.com,Riyadh,auto-refill-routine,MX_VALID,Digital Marketing Manager | cv:generic
Saudi Coffee Company,Food and Beverage,1,https://www.saudicoffee.com,info@saudicoffee.com,Riyadh,auto-refill-routine,MX_VALID,Brand Marketing Manager | cv:brand
FBH Group,Food and Beverage,1,https://fbh.sa,info@fbh.sa,Jeddah,auto-refill-routine,MX_VALID,Digital Marketing Manager | cv:generic
Overdose Coffee,Food and Beverage,1,https://overdosecoffee.co,hello@overdosecoffee.co,Jeddah,auto-refill-routine,MX_VALID,Social Media Manager | cv:generic
Raydan Food Company,Food and Beverage,1,https://www.raydan.com.sa,info@raydan.com.sa,Jeddah,auto-refill-routine,MX_VALID,Marketing Manager | cv:generic
Namariq Arabian Services,Food and Beverage,1,https://www.namariq.com.sa,Recruitment.Unit@namariq.com.sa,Jeddah,auto-refill-routine,MX_VALID,Marketing Manager | cv:generic
Saudi Marketing Company Farm Superstores,Retail,1,https://www.farm.com.sa,info@farm.com.sa,Dammam,auto-refill-routine,MX_VALID,Marketing Manager | cv:generic
SACO,Retail,1,https://www.saco.sa,crm@saco-ksa.com,Riyadh,auto-refill-routine,MX_VALID,E-commerce Manager | cv:generic
Al Raya Markets,Retail,1,https://alraya.sa,info@alraya.sa,Jeddah,auto-refill-routine,MX_VALID,Marketing Manager | cv:generic
Al-Dawaa Pharmacies,Retail,1,https://www.al-dawaa.com.sa,info@al-dawaa.com.sa,Al Khobar,auto-refill-routine,MX_VALID,Digital Marketing Manager | cv:generic
Almadina Pharmacy,Retail,1,https://almadina.com.sa,info@almadina.com.sa,Riyadh,auto-refill-routine,MX_VALID,Marketing Manager | cv:generic
Leejam Sports Company,Fitness,1,https://leejam.com.sa,info@leejam.com.sa,Riyadh,auto-refill-routine,MX_VALID,Digital Marketing Manager | cv:generic
Armah Sports Company,Fitness,1,https://armahsports.com,info@armahsports.com,Riyadh,auto-refill-routine,MX_VALID,Marketing Manager | cv:generic
KUN Sports,Fitness,1,https://kunsports.com,info@kunsports.com,Jeddah,auto-refill-routine,MX_VALID,Digital Marketing Manager | cv:generic
NuYu Fitness,Fitness,1,https://nuyu-ksa.com,community@nuyu-ksa.com,Riyadh,auto-refill-routine,MX_VALID,Brand Manager | cv:brand
Mabanee,Real Estate,1,https://www.mabanee.com,info@mabanee.com,Kuwait City,auto-refill-routine,MX_VALID,Marketing Manager | cv:generic | country:Kuwait | promu prio1 15.08 (auto-refill etait en prio2 = jamais envoye)
Ali Abdulwahab Al Mutawa Commercial Co,Retail,1,https://www.aaw.com,info@aaw.com,Kuwait City,auto-refill-routine,MX_VALID,E-commerce Manager | cv:generic | country:Kuwait | promu prio1 15.08 (auto-refill etait en prio2 = jamais envoye)
Salhia Real Estate Company,Real Estate,1,https://www.salhia.com,info@salhia.com,Kuwait City,auto-refill-routine,MX_VALID,Marketing Manager | cv:generic | country:Kuwait | promu prio1 15.08 (auto-refill etait en prio2 = jamais envoye)
Kuwait Hospital,Healthcare,1,https://kuwaithospital.com.kw,info@kuwaithospital.com.kw,Kuwait City,auto-refill-routine,MX_VALID,Marketing Manager | cv:generic | country:Kuwait | promu prio1 15.08 (auto-refill etait en prio2 = jamais envoye)
Barwa Real Estate Group,Real Estate,1,https://www.barwa.com.qa,recruitment@barwa.com.qa,Doha,auto-refill-routine,MX_VALID,Marketing Manager | cv:generic | country:Qatar | promu prio1 15.08 (auto-refill etait en prio2 = jamais envoye)
Doha Bank,Banking,1,https://www.dohabank.com.qa,careers@dohabank.com.qa,Doha,auto-refill-routine,MX_VALID,Digital Marketing Manager | cv:generic | country:Qatar | promu prio1 15.08 (auto-refill etait en prio2 = jamais envoye)
Baladna,F&B,1,https://www.baladna.com,info@baladna.com,Doha,auto-refill-routine,MX_VALID,Brand Manager | cv:brand | country:Qatar | promu prio1 15.08 (auto-refill etait en prio2 = jamais envoye)
Al Emadi Hospital,Healthcare,1,https://alemadihospital.com.qa,hr.recruitment@alemadiholding.com.qa,Doha,auto-refill-routine,MX_VALID,Marketing Manager | cv:generic | country:Qatar | promu prio1 15.08 (auto-refill etait en prio2 = jamais envoye)
Kuwait Danish Dairy Company,F&B,1,https://www.kddc.com,hr@kddc.com,Kuwait City,auto-refill-routine,MX_VALID,Brand Manager | cv:brand | country:Kuwait | promu prio1 15.08 (auto-refill etait en prio2 = jamais envoye)
Al Sayer Group,Automotive,1,https://www.alsayergroup.com,recruitment@alsayergroup.com,Kuwait City,auto-refill-routine,MX_VALID,Digital Marketing Manager | cv:generic | country:Kuwait | promu prio1 15.08 (auto-refill etait en prio2 = jamais envoye)
New Mowasat Hospital,Healthcare,1,https://www.newmowasat.com,recruitment@newmowasat.com,Kuwait City,auto-refill-routine,MX_VALID,Marketing Manager | cv:generic | country:Kuwait | promu prio1 15.08 (auto-refill etait en prio2 = jamais envoye)
United Real Estate Company,Real Estate,1,https://www.urc.com.kw,info@urc.com.kw,Kuwait City,auto-refill-routine,MX_VALID,Marketing Manager | cv:generic | country:Kuwait | promu prio1 15.08 (auto-refill etait en prio2 = jamais envoye)
International Hospital Kuwait,Healthcare,1,https://www.internationalhospital-kw.com,careers@internationalhospital-kw.com,Kuwait City,auto-refill-routine,MX_VALID,Digital Marketing Manager | cv:generic | country:Kuwait | promu prio1 15.08 (auto-refill etait en prio2 = jamais envoye)
Seef Properties,Real Estate,1,https://www.seef.com.bh,info@seef.com.bh,Manama,auto-refill-routine,MX_VALID,Marketing Manager | cv:generic | country:Bahrain | promu prio1 15.08 (auto-refill etait en prio2 = jamais envoye)
Al Salam Bank,Banking,1,https://www.alsalambank.com,connect@alsalambank.com,Manama,auto-refill-routine,MX_VALID,Digital Marketing Manager | cv:generic | country:Bahrain | promu prio1 15.08 (auto-refill etait en prio2 = jamais envoye)
Al Kindi Hospital,Healthcare,1,https://alkindihospital.com,careers@alkindihospital.com,Manama,auto-refill-routine,MX_VALID,Marketing Manager | cv:generic | country:Bahrain | promu prio1 15.08 (auto-refill etait en prio2 = jamais envoye)
The Domain Hotel and Spa,Hospitality,1,https://www.thedomainhotels.com,connect@thedomainhotels.com,Manama,auto-refill-routine,MX_VALID,Marketing Manager | cv:hospitality | country:Bahrain | promu prio1 15.08 (auto-refill etait en prio2 = jamais envoye)
Ramli Mall,Retail,1,https://www.ramlimall.com,info@ramlimall.com,Manama,auto-refill-routine,MX_VALID,Marketing Manager | cv:generic | country:Bahrain | promu prio1 15.08 (auto-refill etait en prio2 = jamais envoye)
Ramee Group of Hotels,Hospitality,1,https://rameehotels.com,recruitments@rameehotels.com,Dubai,auto-refill-routine,MX_VALID,Digital Marketing Manager | cv:hospitality | country:UAE | promu prio1 15.08 (auto-refill etait en prio2 = jamais envoye)
The First Group Hospitality,Hospitality,1,https://www.tfghospitality.com,Info@tfghospitality.com,Dubai,auto-refill-routine,MX_VALID,Marketing Manager | cv:hospitality | country:UAE | promu prio1 15.08 (auto-refill etait en prio2 = jamais envoye)
Al Khoory Hotels,Hospitality,1,https://www.alkhooryhotels.com,info@alkhooryhotels.com,Dubai,auto-refill-routine,MX_VALID,Digital Marketing Manager | cv:hospitality | country:UAE | promu prio1 15.08 (auto-refill etait en prio2 = jamais envoye)
Lals Group,Retail,1,https://www.lalsgroup.com,Info@lalsgroup.com,Dubai,auto-refill-routine,MX_VALID,E-commerce Manager | cv:generic | country:UAE | promu prio1 15.08 (auto-refill etait en prio2 = jamais envoye)
Sharaf Group,Retail,1,https://www.sharafgroup.com,info@sharaf.ae,Dubai,auto-refill-routine,MX_VALID,Performance Marketing Manager | cv:generic | country:UAE | promu prio1 15.08 (auto-refill etait en prio2 = jamais envoye)
MERED,Real Estate,1,https://mered.ae,career@mered.ae,Dubai,auto-refill-routine,MX_VALID,Marketing Manager | cv:generic | country:UAE | promu prio1 15.08 (auto-refill etait en prio2 = jamais envoye)
Emirates Hospitals Group,Healthcare,1,https://emirateshospitals.ae,recruitment@emirateshospital.ae,Dubai,auto-refill-routine,MX_VALID,Digital Marketing Manager | cv:generic | country:UAE | promu prio1 15.08 (auto-refill etait en prio2 = jamais envoye)
Emirates European Hospital,Healthcare,1,https://www.eehospital.com,hr@eehospital.com,Sharjah,auto-refill-routine,MX_VALID,Marketing Manager | cv:generic | country:UAE | promu prio1 15.08 (auto-refill etait en prio2 = jamais envoye)
Amity School Dubai,Education,1,https://amityschooldubai.com,careers@amitydubai.ae,Dubai,auto-refill-routine,MX_VALID,Marketing Manager | cv:generic | country:UAE | promu prio1 15.08 (auto-refill etait en prio2 = jamais envoye)
Petra,E-commerce,1,https://www.petra.ae,hr@petracosmetics.co.uk,Dubai,auto-refill-routine,MX_VALID,E-commerce Manager | cv:generic | country:UAE | promu prio1 15.08 (auto-refill etait en prio2 = jamais envoye)
Belad Bont Resort,Hospitality,1,https://www.beladbont.com,info@beladbont.com,Salalah,auto-refill-routine,MX_VALID,Marketing Manager | cv:hospitality | country:Oman | promu prio1 15.08 (auto-refill etait en prio2 = jamais envoye)
Oman Reinsurance Company,Insurance,1,https://www.omanre.com,recruitment@omanre.com.om,Muscat,auto-refill-routine,MX_VALID,Brand Manager | cv:brand | country:Oman | promu prio1 15.08 (auto-refill etait en prio2 = jamais envoye)
Muscat Multimedia,Marketing Agency,1,https://muscatmultimedia.com,info@muscatmultimedia.com,Muscat,auto-refill-routine,MX_VALID,Digital Marketing Manager | cv:brand | country:Oman | promu prio1 15.08 (auto-refill etait en prio2 = jamais envoye)
Burjeel Medical Centre Oman,Healthcare,1,https://www.bmcoman.com,careers.bmc@bmcoman.com,Muscat,auto-refill-routine,MX_VALID,Digital Marketing Manager | cv:generic | country:Oman | promu prio1 15.08 (auto-refill etait en prio2 = jamais envoye)
American Mission Hospital,Healthcare,1,https://amh.org.bh,hr@amh.org.bh,Manama,auto-refill-routine,MX_VALID,Marketing Manager | cv:generic | country:Bahrain | promu prio1 15.08 (auto-refill etait en prio2 = jamais envoye)
Bahrain Specialist Hospital,Healthcare,1,https://bahrainspecialisthospital.com,bshinfo@bsh.com.bh,Manama,auto-refill-routine,MX_VALID,Marketing Manager | cv:generic | country:Bahrain | promu prio1 15.08 (auto-refill etait en prio2 = jamais envoye)
Gulf University,Education,1,https://gulfuniversity.edu.bh,hrd@gulfuniversity.edu.bh,Sanad,auto-refill-routine,MX_VALID,Marketing Manager | cv:generic | country:Bahrain | promu prio1 15.08 (auto-refill etait en prio2 = jamais envoye)
University College of Bahrain,Education,1,https://ucb.edu.bh,recruit@ucb.edu.bh,Manama,auto-refill-routine,MX_VALID,Digital Marketing Manager | cv:generic | country:Bahrain | promu prio1 15.08 (auto-refill etait en prio2 = jamais envoye)
Kingdom University,Education,1,https://ku.edu.bh,info@ku.edu.bh,Riffa,auto-refill-routine,MX_VALID,Marketing Manager | cv:generic | country:Bahrain | promu prio1 15.08 (auto-refill etait en prio2 = jamais envoye)
Dadabhai Group,Retail,1,https://dadabhaigroup.com,info@dadabhaigroup.com,Manama,auto-refill-routine,MX_VALID,Marketing Manager | cv:generic | country:Bahrain | promu prio1 15.08 (auto-refill etait en prio2 = jamais envoye)
Amlak Bahrain,Real Estate,1,https://amlak.bh,info@amlak.bh,Manama,auto-refill-routine,MX_VALID,Digital Marketing Manager | cv:generic | country:Bahrain | promu prio1 15.08 (auto-refill etait en prio2 = jamais envoye)
Aman Hospital,Healthcare,1,https://www.amanhospital.org,careers@amanhospital.org,Doha,auto-refill-routine,MX_VALID,Marketing Manager | cv:generic | country:Qatar | promu prio1 15.08 (auto-refill etait en prio2 = jamais envoye)
Al Ahli Hospital,Healthcare,1,https://www.ahlihospital.com,info@ahlihospital.com,Doha,auto-refill-routine,MX_VALID,Digital Marketing Manager | cv:generic | country:Qatar | promu prio1 15.08 (auto-refill etait en prio2 = jamais envoye)
Steps Real Estate,Real Estate,1,https://www.steps.com.qa,contact@steps.com.qa,Doha,auto-refill-routine,MX_VALID,Digital Marketing Manager | cv:generic | country:Qatar | promu prio1 15.08 (auto-refill etait en prio2 = jamais envoye)
ACS Doha International School,Education,1,https://www.acsdoha.school,careers@acsdoha.school,Doha,auto-refill-routine,MX_VALID,Marketing Manager | cv:generic | country:Qatar | promu prio1 15.08 (auto-refill etait en prio2 = jamais envoye)
Doha British School,Education,1,https://dohabritishschool.com,recruitment@dohabritishschool.com,Doha,auto-refill-routine,MX_VALID,Marketing Manager | cv:generic | country:Qatar | promu prio1 15.08 (auto-refill etait en prio2 = jamais envoye)
Almana and Partners,Retail,1,https://www.almanapartners.co,recruitment@almanapartners.com,Doha,auto-refill-routine,MX_VALID,E-commerce Manager | cv:generic | country:Qatar | promu prio1 15.08 (auto-refill etait en prio2 = jamais envoye)
Qatar Insurance Company,Insurance,1,https://qic-group.com,careers@qic.com.qa,Doha,auto-refill-routine,MX_VALID,Digital Marketing Manager | cv:generic | country:Qatar | promu prio1 15.08 (auto-refill etait en prio2 = jamais envoye)
Kuwait Resources House,Agency,1,https://www.krhkw.com,careers@krhkw.com,Kuwait City,auto-refill-routine,MX_VALID,Marketing Manager | cv:generic | country:Kuwait | promu prio1 15.08 (auto-refill etait en prio2 = jamais envoye)
Al Amal Hospital,Healthcare,1,https://alamalhospital.me,hr@alamalhospital.me,Manama,auto-refill-routine,MX_VALID,Marketing Manager | cv:generic | country:Bahrain | promu prio1 15.08 (auto-refill etait en prio2 = jamais envoye)
Bhavans Bahrain Indian School,Education,1,https://bhavansbahrain.com,hr@bhavansbahrain.com,Manama,auto-refill-routine,MX_VALID,Marketing Manager | cv:generic | country:Bahrain | promu prio1 15.08 (auto-refill etait en prio2 = jamais envoye)
Royal Bahrain Hospital,Healthcare,1,https://www.royalbahrainhospital.com,mail@royalbahrainhospital.com,Manama,auto-refill-routine,MX_VALID,Digital Marketing Manager | cv:generic | country:Bahrain | promu prio1 15.08 (auto-refill etait en prio2 = jamais envoye)
Diyar Al Muharraq,Real Estate,1,https://www.diyar.bh,customerservice@diyar.bh,Muharraq,auto-refill-routine,MX_VALID,Brand Manager | cv:brand | country:Bahrain | promu prio1 15.08 (auto-refill etait en prio2 = jamais envoye)
Al Yamamah University,Education,1,https://www.yu.edu.sa,info@yu.edu.sa,Riyadh,auto-refill-routine,MX_VALID,Marketing Manager | cv:generic
Dar Al Uloom University,Education,1,https://www.dau.edu.sa,info@dau.edu.sa,Riyadh,auto-refill-routine,MX_VALID,Marketing Manager | cv:generic
Riyadh Elm University,Education,1,https://www.riyadh.edu.sa,info@riyadh.edu.sa,Riyadh,auto-refill-routine,MX_VALID,Digital Marketing Manager | cv:generic
Kingdom Schools,Education,1,https://www.kingdomschools.edu.sa,jobs@kingdomschools.edu.sa,Riyadh,auto-refill-routine,MX_VALID,Marketing Manager | cv:generic
Saud International School,Education,1,https://www.sis.edu.sa,enquiries@sis.edu.sa,Riyadh,auto-refill-routine,MX_VALID,Marketing Manager | cv:generic
Prince Mohammed Bin Salman College,Education,1,https://www.mbsc.edu.sa,info@mbsc.edu.sa,Jeddah,auto-refill-routine,MX_VALID,Digital Marketing Manager | cv:generic
Alhussam Tourism,Travel,1,https://alhussamtourism.com,sales@alhussamtourism.com,Makkah,auto-refill-routine,MX_VALID,Digital Marketing Manager | cv:generic
Red Sea Mall,Retail,1,https://redseamall.com,info@redseamall.com,Jeddah,auto-refill-routine,MX_VALID,Marketing Manager | cv:generic
Al Romansiah,Food and Beverage,1,https://alromansiah.com,info@alromansiah.com,Riyadh,auto-refill-routine,MX_VALID,Brand Manager | cv:brand
Abeer Medical Group,Healthcare,1,https://abeergroup.com,info@alabeermedicalgroup.com,Jeddah,auto-refill-routine,MX_VALID,Marketing Manager | cv:generic
Fakeeh Care Group,Healthcare,1,https://fakeeh.care,gmo@fakeeh.care,Jeddah,auto-refill-routine,MX_VALID,Digital Marketing Manager | cv:generic
Kharsa Clinics,Healthcare,1,https://kharsaclinics.com,info@kharsaclinics.com,Riyadh,auto-refill-routine,MX_VALID,Marketing Manager | cv:generic
Horizon Dental Clinics,Healthcare,1,https://horizondent.com,info@horizondent.com,Riyadh,auto-refill-routine,MX_VALID,Digital Marketing Manager | cv:generic
Dora Clinics,Healthcare,1,https://doraclinic.sa,admin@doraclinic.sa,Riyadh,auto-refill-routine,MX_VALID,Digital Marketing Manager | cv:generic
You Beauty Salons,Retail,1,https://you-sa.net,info@you-sa.net,Riyadh,auto-refill-routine,MX_VALID,Brand Manager | cv:brand
Aster Pharmacy Saudi,Pharmacy,1,https://asterpharmacy.sa,info@asterpharmacy.com,Riyadh,auto-refill-routine,MX_VALID,E-commerce Manager | cv:generic
UFC Gym KSA,Fitness,1,https://ufcgymksa.com,customerservice@ufcgymksa.com,Riyadh,auto-refill-routine,MX_VALID,Digital Marketing Manager | cv:generic
Golds Gym Jeddah Probody,Fitness,1,https://ggjeddah.com,info@probody.sa,Jeddah,auto-refill-routine,MX_VALID,Marketing Manager | cv:generic
Pawfect Veterinary Clinic,Veterinary,1,https://pawfectclinic.sa,info@pawfectclinic.sa,Riyadh,auto-refill-routine,MX_VALID,Digital Marketing Manager | cv:generic
Karaman Veterinary Clinic,Veterinary,1,https://karamanvet.sa,info@karamanvet.sa,Riyadh,auto-refill-routine,MX_VALID,Marketing Manager | cv:generic
North Paws Veterinary Clinic,Veterinary,1,https://northpaws-sa.com,info@northpaws-sa.com,Riyadh,auto-refill-routine,MX_VALID,Marketing Manager | cv:generic
Genevet,Healthcare,1,https://genevet.co,info@genevet.co,Riyadh,auto-refill-routine,MX_VALID,Marketing Manager | cv:generic
Najran Cement Company,Industrial,1,https://najrancement.com,info@najrancement.com,Najran,auto-refill-routine,MX_VALID,Marketing Manager | cv:generic
Hayat National Hospitals,Healthcare,1,https://hayathospitals.com,info@hayathospitals.com,Khamis Mushait,auto-refill-routine,MX_VALID,Marketing Manager | cv:generic
Jazan Integrated Gasification and Power Company,Industrial,1,https://jigpc.com,info@jigpc.com,Jazan,auto-refill-routine,MX_VALID,Marketing Manager | cv:generic
Tabuk Cement Company,Industrial,1,https://tcc-sa.com,jobs@tcc-sa.com,Tabuk,auto-refill-routine,MX_VALID,Marketing Manager | cv:generic
Prince Fahd bin Sultan Hospital,Healthcare,1,https://pfbsh.com.sa,info@pfbsh.com.sa,Tabuk,auto-refill-routine,MX_VALID,Digital Marketing Manager | cv:generic
Al-Ahli General Medical Complex,Healthcare,1,https://alahlimed.com.sa,info@alahlimed.com.sa,Hail,auto-refill-routine,MX_VALID,Marketing Manager | cv:generic
Tabuk Agricultural Development Company,Agriculture,1,https://tadco-agri.com,online@tadco-agri.com,Tabuk,auto-refill-routine,MX_VALID,E-commerce Manager | cv:generic
Qassim Cement Company,Industrial,1,https://qcc.com.sa,qcc@qcc.com.sa,Buraidah,auto-refill-routine,MX_VALID,Marketing Manager | cv:generic
Jazan Development and Investment Company,Agriculture,1,https://jazadco.com.sa,info@jazadco.com.sa,Jazan,auto-refill-routine,MX_VALID,Marketing Manager | cv:generic
Al Radi Rose,Industrial,1,https://alradi-rose.com,info@alradi-rose.com,Taif,auto-refill-routine,MX_VALID,Digital Marketing Manager | cv:generic
Al-Taif National Dairy Factory,Food and Beverage,1,https://www.taifdairy.com,hq@taifdairy.com.sa,Taif,auto-refill-routine,MX_VALID,Brand Manager | cv:brand
Iridium Hotel,Hospitality,1,https://iridium-hotel.com,info@iridium-hotel.com,Taif,auto-refill-routine,MX_VALID,Marketing Manager | cv:hospitality
Sulaiman Alrajhi University,Education,1,https://sr.edu.sa,recruitment@sr.edu.sa,Al Bukayriyah,auto-refill-routine,MX_VALID,Digital Marketing Manager | cv:generic
Ramz Al-Qassim Real Estate,Real Estate,1,https://ramzalqasim.com,contact@ramzalqasim.com,Unaizah,auto-refill-routine,MX_VALID,Marketing Manager | cv:generic
Al Ahsa Valley Investment Company,Industrial,1,https://alahsavalley.com.sa,info@avic.com.sa,Al Ahsa,auto-refill-routine,MX_VALID,Digital Marketing Manager | cv:generic
Al Ahsa Grand Hotel,Hospitality,1,https://www.alahsagrandhotel.com,info@alahsagrandhotel.com,Al Ahsa,auto-refill-routine,MX_VALID,Marketing Manager | cv:hospitality
Al Hamra Real Estate Company,Real Estate,1,https://www.alhamra.com.kw,careers@alhamra.com.kw,Kuwait City,auto-refill-routine,MX_VALID,Marketing Manager | cv:generic | country:Kuwait | promu prio1 15.08 (auto-refill etait en prio2 = jamais envoye)
Al Mazaya Holding Company,Real Estate,1,https://www.mazayaholding.com,info@mazayarealestate.com,Kuwait City,auto-refill-routine,MX_VALID,Marketing Manager | cv:generic | country:Kuwait | promu prio1 15.08 (auto-refill etait en prio2 = jamais envoye)
Al Mulla Group,Retail,1,https://www.almullagroup.com,info@almullagroup.com,Kuwait City,auto-refill-routine,MX_VALID,Digital Marketing Manager | cv:generic | country:Kuwait | promu prio1 15.08 (auto-refill etait en prio2 = jamais envoye)
Dar Al Shifa Hospital,Healthcare,1,https://www.daralshifa.com,contactus@daralshifa.com,Hawalli,auto-refill-routine,MX_VALID,Marketing Manager | cv:generic | country:Kuwait | promu prio1 15.08 (auto-refill etait en prio2 = jamais envoye)
Bensirri PR,Agency,1,https://bensirri.com,jobs@bensirri.com,Kuwait City,auto-refill-routine,MX_VALID,Digital Marketing Manager | cv:generic | country:Kuwait | promu prio1 15.08 (auto-refill etait en prio2 = jamais envoye)
Pencilvent,Agency,1,https://www.pencilvent.com,info@pencilvent.com,Kuwait City,auto-refill-routine,MX_VALID,Digital Marketing Manager | cv:generic | country:Kuwait | promu prio1 15.08 (auto-refill etait en prio2 = jamais envoye)
Kuwait English School,Education,1,https://www.kes.edu.kw,keschool@kes.edu.kw,Hawalli,auto-refill-routine,MX_VALID,Marketing Manager | cv:generic | country:Kuwait | promu prio1 15.08 (auto-refill etait en prio2 = jamais envoye)
Touristic Enterprises Company,Tourism,1,https://www.tec.com.kw,info@tec.com.kw,Kuwait City,auto-refill-routine,MX_VALID,Brand Manager | cv:brand | country:Kuwait | promu prio1 15.08 (auto-refill etait en prio2 = jamais envoye)
Zulekha Hospitals,Healthcare,1,https://www.zulekhahospitals.com,hr@zulekhahospitals.com,Sharjah,auto-refill-routine,MX_VALID,Marketing Manager | cv:generic | country:UAE | promu prio1 15.08 (auto-refill etait en prio2 = jamais envoye)
RAK Medical and Health Sciences University,Education,1,https://www.rakmhsu.ac.ae,hrd@rakmhsu.ac.ae,Ras Al Khaimah,auto-refill-routine,MX_VALID,Marketing Manager | cv:generic | country:UAE | promu prio1 15.08 (auto-refill etait en prio2 = jamais envoye)
Thumbay Group,Healthcare,1,https://www.thumbay.com,info@thumbay.com,Ajman,auto-refill-routine,MX_VALID,Digital Marketing Manager | cv:generic | country:UAE | promu prio1 15.08 (auto-refill etait en prio2 = jamais envoye)
Ajman University,Education,1,https://www.ajman.ac.ae,inquiry@ajman.ac.ae,Ajman,auto-refill-routine,MX_VALID,Marketing Manager | cv:generic | country:UAE | promu prio1 15.08 (auto-refill etait en prio2 = jamais envoye)
Alef Group,Real Estate,1,https://www.alefgroup.ae,customerservice@alefgroup.ae,Sharjah,auto-refill-routine,MX_VALID,Brand Manager | cv:brand | country:UAE | promu prio1 15.08 (auto-refill etait en prio2 = jamais envoye)
Safeer Group,Retail,1,https://www.safeergroup.com,info@safeergroup.com,Sharjah,auto-refill-routine,MX_VALID,Marketing Manager | cv:generic | country:UAE | promu prio1 15.08 (auto-refill etait en prio2 = jamais envoye)
Ras Al Khaimah Tourism Development Authority,Tourism,1,https://www.raktda.com,info@raktda.com,Ras Al Khaimah,auto-refill-routine,MX_VALID,Digital Marketing Manager | cv:generic | country:UAE | promu prio1 15.08 (auto-refill etait en prio2 = jamais envoye)
Al Ain Farms,Food and Beverage,1,https://www.alainfarms.com,customercare@alainfarms.com,Al Ain,auto-refill-routine,MX_VALID,Brand Manager | cv:brand | country:UAE | promu prio1 15.08 (auto-refill etait en prio2 = jamais envoye)
R Hotels,Hospitality,1,https://www.rhotels.ae,hr@rdtdubai.com,Dubai,auto-refill-routine,MX_VALID,Marketing Manager | cv:hospitality | country:UAE | promu prio1 15.08 (auto-refill etait en prio2 = jamais envoye)
TIME Hotels,Hospitality,1,https://www.timehotels.com,welcome@timehotels.com,Dubai,auto-refill-routine,MX_VALID,Digital Marketing Manager | cv:hospitality | country:UAE | promu prio1 15.08 (auto-refill etait en prio2 = jamais envoye)
Canadian Specialist Hospital,Healthcare,1,https://www.csh.ae,info@csh.ae,Dubai,auto-refill-routine,MX_VALID,Marketing Manager | cv:generic | country:UAE | promu prio1 15.08 (auto-refill etait en prio2 = jamais envoye)
IMKAN Properties,Real Estate,1,https://www.imkan.ae,hello@imkan.ae,Abu Dhabi,auto-refill-routine,MX_VALID,Brand Manager | cv:brand | country:UAE | promu prio1 15.08 (auto-refill etait en prio2 = jamais envoye)
WonderEight,Agency,1,https://www.wondereight.com,jobs@wondereight.com,Dubai,auto-refill-routine,MX_VALID,Digital Marketing Manager | cv:generic | country:UAE | promu prio1 15.08 (auto-refill etait en prio2 = jamais envoye)
Chain Reaction,Agency,1,https://www.chainreaction.ae,letstalk@chainreaction.ae,Dubai,auto-refill-routine,MX_VALID,Digital Marketing Manager | cv:generic | country:UAE | promu prio1 15.08 (auto-refill etait en prio2 = jamais envoye)
Grow Combine,Agency,1,https://www.growcombine.com,info@growcombine.com,Dubai,auto-refill-routine,MX_VALID,Marketing Manager | cv:generic | country:UAE | promu prio1 15.08 (auto-refill etait en prio2 = jamais envoye)
Mohsin Haider Darwish,Retail,1,https://www.mhdoman.com,hro@mhd.co.om,Muscat,auto-refill-routine,MX_VALID,Marketing Manager | cv:generic | country:Oman | promu prio1 15.08 (auto-refill etait en prio2 = jamais envoye)
Oman Flour Mills,Food and Beverage,1,https://omanflourmills.com,career@omanflourmills.com,Muscat,auto-refill-routine,MX_VALID,Brand Manager | cv:brand | country:Oman | promu prio1 15.08 (auto-refill etait en prio2 = jamais envoye)
Al Mouj Muscat,Real Estate,1,https://www.almouj.com,customerservice@almouj.com,Muscat,auto-refill-routine,MX_VALID,Marketing Manager | cv:generic | country:Oman | promu prio1 15.08 (auto-refill etait en prio2 = jamais envoye)
Muscat Private Hospital,Healthcare,1,https://muscatprivatehospital.com,info@muscatprivatehospital.com,Muscat,auto-refill-routine,MX_VALID,Marketing Manager | cv:generic | country:Oman | promu prio1 15.08 (auto-refill etait en prio2 = jamais envoye)
Oman International Hospital,Healthcare,1,https://omaninternationalhospital.com,marketing@omanihospital.com,Muscat,auto-refill-routine,MX_VALID,Digital Marketing Manager | cv:generic | country:Oman | promu prio1 15.08 (auto-refill etait en prio2 = jamais envoye)
Modern College of Business and Science,Education,1,https://www.mcbs.edu.om,info@mcbs.edu.om,Muscat,auto-refill-routine,MX_VALID,Marketing Manager | cv:generic | country:Oman | promu prio1 15.08 (auto-refill etait en prio2 = jamais envoye)
Zahara Tours,Tourism,1,https://www.zaharatours.com,inbound@zaharatours.com,Muscat,auto-refill-routine,MX_VALID,Marketing Manager | cv:generic | country:Oman | promu prio1 15.08 (auto-refill etait en prio2 = jamais envoye)
National Travel and Tourism,Tourism,1,https://www.nttoman.com,holidays@nttoman.com,Muscat,auto-refill-routine,MX_VALID,Digital Marketing Manager | cv:generic | country:Oman | promu prio1 15.08 (auto-refill etait en prio2 = jamais envoye)
Muscat Overseas Group,Retail,1,https://www.muscatoverseas.com,mog@muscatoverseas.com,Muscat,auto-refill-routine,MX_VALID,Marketing Manager | cv:generic | country:Oman | promu prio1 15.08 (auto-refill etait en prio2 = jamais envoye)
Sohar Poultry,Food and Beverage,1,https://www.soharpoultry.com,info@soharpoultry.com,Sohar,auto-refill-routine,MX_VALID,Marketing Manager | cv:generic | country:Oman | promu prio1 15.08 (auto-refill etait en prio2 = jamais envoye)
Riyadh Cables Group,Industrial,1,https://www.riyadh-cables.com,marketing@riyadh-cables.com,Riyadh,auto-refill-routine,MX_VALID,Marketing Manager | cv:generic
Saudi Steel Pipe Company,Industrial,1,https://www.sspipe.com,info@sspipe.com,Dammam,auto-refill-routine,MX_VALID,Digital Marketing Manager | cv:generic
Rowad National Plastic,Industrial,1,https://www.rowadplastic.com,marketing@rowadplastic.com,Riyadh,auto-refill-routine,MX_VALID,Brand Manager | cv:brand
Hala Supply Chain Services,Logistics,1,https://halagroup.com,info@halagroup.com,Riyadh,auto-refill-routine,MX_VALID,Digital Marketing Manager | cv:generic
BAFCO International Shipping and Logistics,Logistics,1,https://bafcointl.com,inquiry@bafcointl.com,Jeddah,auto-refill-routine,MX_VALID,Marketing Manager | cv:generic
AutoWorld,Automotive,1,https://www.autoworld.com.sa,clientservice@autoworld.com.sa,Al Khobar,auto-refill-routine,MX_VALID,Marketing Manager | cv:generic
E.A. Juffali and Brothers,Automotive,1,https://www.juffali.com,juffali@eajb.com.sa,Jeddah,auto-refill-routine,MX_VALID,Digital Marketing Manager | cv:generic
Neoleap,Fintech,1,https://www.neoleap.com.sa,info@neoleap.com.sa,Riyadh,auto-refill-routine,MX_VALID,Brand Manager | cv:brand
Buruj Cooperative Insurance,Insurance,1,https://buruj.com.sa,info@buruj.com.sa,Riyadh,auto-refill-routine,MX_VALID,Marketing Manager | cv:generic
Goody by Basamh,Food and Beverage,1,https://www.goodyco.com,goodyconnect@goody.com.sa,Jeddah,auto-refill-routine,MX_VALID,Brand Manager | cv:brand
Basamh Trading Company,Food and Beverage,1,https://basamhtrading.com,info@basamh.com,Jeddah,auto-refill-routine,MX_VALID,Marketing Manager | cv:generic
Al Khodari and Sons Company,Construction,1,https://www.alkhodari.com.sa,info@alkhodari.com.sa,Al Khobar,auto-refill-routine,MX_VALID,Marketing Manager | cv:generic
Modern Building Leaders,Construction,1,https://www.mbl.com.sa,marketing@mbl.com.sa,Jeddah,auto-refill-routine,MX_VALID,Brand Manager | cv:brand
Dar Al Riyadh,Engineering,1,https://www.daralriyadh.com,info@daralriyadh.com,Riyadh,auto-refill-routine,MX_VALID,Digital Marketing Manager | cv:generic
Al-Rushaid Construction Co,Construction,1,https://arccksa.com,careers@arccksa.com,Al Khobar,auto-refill-routine,MX_VALID,Marketing Manager | cv:generic
Al-Rushaid Group,Industrial,1,https://al-rushaid.com,corporate@al-rushaid.com,Al Khobar,auto-refill-routine,MX_VALID,Marketing Manager | cv:generic
Al Dammam Development Company,Real Estate,1,https://dammamdev.com.sa,info@dammamdev.com.sa,Dammam,auto-refill-routine,MX_VALID,Marketing Manager | cv:generic
Al Yamamah Steel Industries,Steel,1,https://yamsteel.com,ys@yamsteel.com,Jeddah,auto-refill-routine,MX_VALID,Marketing Manager | cv:generic
Marjan,Real Estate,2,https://marjan.ae,info@marjan.ae,Ras Al Khaimah,auto-refill-routine,MX_VALID,Marketing Manager | cv:generic | country:UAE
RAK Hospital,Healthcare,2,https://rakhospital.com,mail@rakhospital.com,Ras Al Khaimah,auto-refill-routine,MX_VALID,Digital Marketing Manager | cv:generic | country:UAE
Ras Al Khaimah Hotel,Hospitality,2,https://rasalkhaimahhotel.com,marketing@rasalkhaimahhotel.com,Ras Al Khaimah,auto-refill-routine,MX_VALID,Marketing Manager | cv:hospitality | country:UAE
Gulftainer,Logistics,2,https://gulftainer.com,commercial@gulftainer.com,Sharjah,auto-refill-routine,MX_VALID,Marketing Manager | cv:generic | country:UAE
Tiger Group,Real Estate,2,https://tigergroup.ae,contact@tigergroup.ae,Ajman,auto-refill-routine,MX_VALID,Marketing Manager | cv:generic | country:UAE
Fujairah Hotel and Resort,Hospitality,2,https://fujairahresort.ae,reservations@fujairahresort.ae,Fujairah,auto-refill-routine,MX_VALID,Marketing Manager | cv:hospitality | country:UAE
SFC Group,F&B,2,https://sfcgroup.com,jobs@sfcgroup.com,Abu Dhabi,auto-refill-routine,MX_VALID,Brand Manager | cv:brand | country:UAE
Trendz Agency,Agency,2,https://trendzagency.com,info@trendzagency.com,Abu Dhabi,auto-refill-routine,MX_VALID,Digital Marketing Manager | cv:brand | country:UAE
Global EDGE Advertisements,Agency,2,https://geadvt.com,info@geadvt.com,Sharjah,auto-refill-routine,MX_VALID,Marketing Manager | cv:brand | country:UAE
Rayaat Advertising,Agency,2,https://rayaat.ae,info@rayaat.ae,Ajman,auto-refill-routine,MX_VALID,Brand Manager | cv:brand | country:UAE
Al Fahim Group,Conglomerate,2,https://alfahim.com,info@alfahim.ae,Abu Dhabi,auto-refill-routine,MX_VALID,Marketing Director | cv:generic | country:UAE
Crescent Enterprises,Conglomerate,2,https://crescententerprises.com,ce@crescent.ae,Sharjah,auto-refill-routine,MX_VALID,Marketing Manager | cv:generic | country:UAE
Bin Butti Group,Conglomerate,2,https://binbuttigroup.com,info@binbuttigroup.com,Abu Dhabi,auto-refill-routine,MX_VALID,Marketing Manager | cv:generic | country:UAE
Universal Hospital,Healthcare,2,https://universalhospitals.com,info@universalhospitals.com,Abu Dhabi,auto-refill-routine,MX_VALID,Digital Marketing Manager | cv:generic | country:UAE
AlSharq Hospital,Healthcare,2,https://alsharqhospital.ae,contact.shf@fng.ae,Fujairah,auto-refill-routine,MX_VALID,Marketing Manager | cv:generic | country:UAE
Oasis International School,Education,2,https://oasisalain.com,careers@oasisalain.com,Al Ain,auto-refill-routine,MX_VALID,Social Media Manager | cv:generic | country:UAE
Manor Hall International School,Education,2,https://manorhallschool.com,careers@manorhallschool.com,Al Ain,auto-refill-routine,MX_VALID,Digital Marketing Manager | cv:generic | country:UAE
Al Dhafra Private Schools,Education,2,https://dhafraschools.com,hr@dhafraschools.com,Al Ain,auto-refill-routine,MX_VALID,Brand Manager | cv:generic | country:UAE
BM Hotels and Resorts,Hospitality,2,https://www.bmhotelsresorts.com,info@bmhotelsresorts.com,Ras Al Khaimah,auto-refill-routine,MX_VALID,Marketing Manager | cv:hospitality | country:UAE
Al Thuriah Group,Real Estate,2,https://www.althuriah.com,info@althuriah.com,Sharjah,auto-refill-routine,MX_VALID,Marketing Manager | cv:generic | country:UAE
Ajmal Makan,Real Estate,2,https://ajmalmakan.com,info@ajmalmakan.com,Sharjah,auto-refill-routine,MX_VALID,Digital Marketing Manager | cv:generic | country:UAE
Open Home Properties,Real Estate,2,https://openhomeproperties.com,info@ohp-abudhabi.com,Abu Dhabi,auto-refill-routine,MX_VALID,Social Media Manager | cv:generic | country:UAE
SNTTA Sharjah National Travel and Tourist Agency,Tourism,2,https://sntta.com,customercare@sntta.ae,Sharjah,auto-refill-routine,MX_VALID,Digital Marketing Manager | cv:generic | country:UAE
Pure Arabia,Tourism,2,https://www.pure-arabia.com,info@pure-arabia.com,Dubai,auto-refill-routine,MX_VALID,Marketing Manager | cv:generic | country:UAE
Liwa Trading Enterprises,Retail,2,https://www.liwastores.com,careers@liwastores.com,Abu Dhabi,auto-refill-routine,MX_VALID,Brand Manager | cv:brand | country:UAE
Momentum Logistics,Logistics,2,https://www.momentumlogistics.com,info@momentumlogistics.com,Sharjah,auto-refill-routine,MX_VALID,Marketing Manager | cv:generic | country:UAE
National Catering Services and Foodstuff,F&B,2,https://www.nationalcatering.net,info@nationalcatering.net,Abu Dhabi,auto-refill-routine,MX_VALID,Marketing Manager | cv:brand | country:UAE
Day to Day Hypermarket,Retail,2,https://www.daytodayuae.com,careers@daytodayuae.ae,Dubai,auto-refill-routine,MX_VALID,Digital Marketing Manager | cv:brand | country:UAE
Food Fund International,F&B,2,https://www.foodfundint.com,info@foodfund.ae,Dubai,auto-refill-routine,MX_VALID,Social Media Manager | cv:brand | country:UAE
Doha Academy,Education,2,https://dohaacademy.sch.qa,recruitment@dohaacademy.net,Doha,auto-refill-routine,MX_VALID,Marketing Manager | cv:generic | country:Qatar
Qatar Academy Doha,Education,2,https://qad.edu.qa,qataracademy@qf.org.qa,Doha,auto-refill-routine,MX_VALID,Marketing Manager | cv:generic | country:Qatar
Nasco Qatar,Insurance,2,https://nascoqatar.com,info@nascoqatar.com,Doha,auto-refill-routine,MX_VALID,Digital Marketing Manager | cv:generic | country:Qatar
Al Maha Academy for Girls,Education,2,https://amag.com.qa,hrd@taalumgroup.com,Doha,auto-refill-routine,MX_VALID,Marketing Manager | cv:generic | country:Qatar
ERA Bahrain,Real Estate,2,https://erabahrain.net,hr@erabahrain.net,Manama,auto-refill-routine,MX_VALID,Digital Marketing Manager | cv:generic | country:Bahrain
Ibn Al-Nafees Hospital,Healthcare,2,https://ibnalnafees.com,info@ibnalnafees.com,Manama,auto-refill-routine,MX_VALID,Marketing Manager | cv:generic | country:Bahrain
FROM6 Communications,Agency,2,https://from6.com,info@from6.com,Manama,auto-refill-routine,MX_VALID,Brand Manager | cv:brand | country:Bahrain
Ahlia University,Education,2,https://ahlia.edu.bh,info@ahlia.edu.bh,Manama,auto-refill-routine,MX_VALID,Marketing Manager | cv:generic | country:Bahrain
Aster Al Raffah Hospital,Healthcare,2,https://aster.om,info.oman@asterhospital.com,Muscat,auto-refill-routine,MX_VALID,Digital Marketing Manager | cv:generic | country:Oman
ABA Oman International School,Education,2,https://abaoman.org,hr@abaoman.org,Muscat,auto-refill-routine,MX_VALID,Marketing Manager | cv:generic | country:Oman
MARCOM Oman,Marketing,2,https://marcomoman.com,info@marcomoman.com,Muscat,auto-refill-routine,MX_VALID,Digital Marketing Manager | cv:brand | country:Oman
Al Madina Takaful,Insurance,2,https://almadinatakaful.com,reachus@almadinatakaful.com,Muscat,auto-refill-routine,MX_VALID,Digital Marketing Manager | cv:generic | country:Oman
American University of the Middle East,Education,2,https://aum.edu.kw,hr@aum.edu.kw,Egaila,auto-refill-routine,MX_VALID,Marketing Manager | cv:generic | country:Kuwait
American Creativity Academy,Education,2,https://aca.edu.kw,recruitment@aca.edu.kw,Hawalli,auto-refill-routine,MX_VALID,Marketing Manager | cv:generic | country:Kuwait
Salmiya Clinic,Healthcare,2,https://salmiyaclinic.com,info@salmiyaclinic.com,Salmiya,auto-refill-routine,MX_VALID,Digital Marketing Manager | cv:generic | country:Kuwait
Saudi Silk Road DMC,Travel,1,https://saudisilkroad.com,info@saudisilkroad.com,Tabuk,auto-refill-routine,MX_VALID,Digital Marketing Manager | cv:generic
Al Sanabel Hotel,Hospitality,1,https://sanabel.com,info@sanabel.com,Madinah,auto-refill-routine,MX_VALID,Marketing Manager | cv:hospitality
Iram Company for Umrah Services,Travel,1,https://iramservices.com,info@iramservices.com,Makkah,auto-refill-routine,MX_VALID,Digital Marketing Manager | cv:generic
Somewhere Hotel Al Ahsa,Hospitality,1,https://somewhere-hotels.com,info@somewhere-hotels.com,Al Ahsa,auto-refill-routine,MX_VALID,E-commerce Manager | cv:hospitality
Nivel Hotel Abha,Hospitality,1,https://nivelhotels.com,info@nivelhotels.com,Khamis Mushait,auto-refill-routine,MX_VALID,Social Media Manager | cv:hospitality
University of Prince Mugrin,Education,1,https://upm.edu.sa,hr.dept@upm.edu.sa,Madinah,auto-refill-routine,MX_VALID,Marketing Manager | cv:generic
Al-Rayan National Colleges,Education,1,https://amc.edu.sa,info@amc.edu.sa,Madinah,auto-refill-routine,MX_VALID,Digital Marketing Manager | cv:generic
Buraydah Private Colleges,Education,1,https://bpc.edu.sa,info@bpc.edu.sa,Buraidah,auto-refill-routine,MX_VALID,Marketing Manager | cv:generic
Black Gold Higher Training Institute,Education,1,https://blackgold.edu.sa,info@blackgold.edu.sa,Dammam,auto-refill-routine,MX_VALID,Digital Marketing Manager | cv:generic
International Programs School,Education,1,https://ipsksa.com,admin@ipsksa.com,Al Khobar,auto-refill-routine,MX_VALID,Marketing Manager | cv:generic
Abha Private Schools,Education,1,https://mwahib.edu.sa,info@mail.mwahib.edu.sa,Abha,auto-refill-routine,MX_VALID,Social Media Manager | cv:generic
Momentum,Agency,1,https://momentummix.com,info@momentummix.com,Dammam,auto-refill-routine,MX_VALID,Marketing Manager | cv:brand
Filmology,Media,1,https://filmology.com.sa,hello@filmology.com.sa,Al Khobar,auto-refill-routine,MX_VALID,Marketing Manager | cv:generic
TAYB,Agency,1,https://tayb.sa,hello@tayb.sa,Riyadh,auto-refill-routine,MX_VALID,Digital Marketing Manager | cv:brand
Aldrees Petroleum & Transport Services,"Retail (fuel stations, convenience retail and transport)",1,https://www.aldrees.com,info@aldrees.com,Riyadh,https://www.aldrees.com/contact,MX_VALID,"refill 21.08.2026 - adresse lue sur https://www.aldrees.com/contact - SMTP RCPT 250 verifie, faux handle non-250 (pas catch-all)"
MBC Group,"Media and entertainment (broadcaster, streaming, ad sales)",1,https://www.mbc.net,contact@mbc.net,Riyadh,https://www.mbc.net/en/contact-us,MX_VALID,"refill 21.08.2026 - adresse lue sur https://www.mbc.net/en/contact-us - SMTP RCPT 250 verifie, faux handle non-250 (pas catch-all)"
MAG Group Holding,Real estate developer / conglomerate,1,https://www.mag.ae,hr@mag.ae,Dubai,https://www.mag.ae/careers,MX_VALID,"refill 21.08.2026 - adresse lue sur https://www.mag.ae/careers - SMTP RCPT 250 verifie, faux handle non-250 (pas catch-all)"
GTECH,Digital marketing agency,1,https://www.gtechme.com,hello@gtechme.com,Dubai,https://www.gtechme.com/careers,MX_VALID,"refill 21.08.2026 - adresse lue sur https://www.gtechme.com/careers - SMTP RCPT 250 verifie, faux handle non-250 (pas catch-all)"
Rove Hotels,Hospitality / hotel group,1,https://www.rovehotels.com,talent@rovehotels.com,Dubai,https://www.rovehotels.com/careers,MX_VALID,"refill 21.08.2026 - adresse lue sur https://www.rovehotels.com/careers - SMTP RCPT 250 verifie, faux handle non-250 (pas catch-all)"
Abu Dhabi National Hotels (ADNH),Hospitality / hotel group,1,https://www.adnh.com,info@adnh.com,Abu Dhabi,https://www.adnh.com/careers,MX_VALID,"refill 21.08.2026 - adresse lue sur https://www.adnh.com/careers - SMTP RCPT 250 verifie, faux handle non-250 (pas catch-all)"
BEEAH Group,"Environment, energy and technology group",1,https://www.beeah.ae,info@beeahgroup.com,Sharjah,https://www.beeah.ae/careers,MX_VALID,"refill 21.08.2026 - adresse lue sur https://www.beeah.ae/careers - SMTP RCPT 250 verifie, faux handle non-250 (pas catch-all)"
The Galleria Al Maryah Island,Luxury retail destination / mall operator,1,https://www.thegalleria.ae,info@thegalleria.ae,Abu Dhabi,https://www.thegalleria.ae/careers,MX_VALID,"refill 21.08.2026 - adresse lue sur https://www.thegalleria.ae/careers - SMTP RCPT 250 verifie, faux handle non-250 (pas catch-all)"
Unikai Foods,FMCG manufacturer and distributor,1,https://www.unikai.com,info@unikai.com,Dubai,https://www.unikai.com/work-with-us,MX_VALID,"refill 21.08.2026 - adresse lue sur https://www.unikai.com/work-with-us - SMTP RCPT 250 verifie, faux handle non-250 (pas catch-all)"
Gulf Craft,Luxury yacht manufacturing,1,https://www.gulfcraftinc.com,recruitment@gulfcraftgroup.com,Umm Al Quwain,https://www.gulfcraftinc.com/careers/,MX_VALID,"refill 21.08.2026 - adresse lue sur https://www.gulfcraftinc.com/careers/ - SMTP RCPT 250 verifie, faux handle non-250 (pas catch-all)"
A'Saffa Foods,FMCG - poultry production and food distribution,1,https://www.asaffa.com,contact@asaffa.com,Muscat,https://www.asaffa.com/,MX_VALID,"refill 21.08.2026 - adresse lue sur https://www.asaffa.com/ - SMTP RCPT 250 verifie, faux handle non-250 (pas catch-all)"
The iBoost,"Digital marketing, branding & web agency",1,https://theiboost.com/om/,hello@theiboost.com,Muscat,https://theiboost.com/om/career/,MX_VALID,"refill 21.08.2026 - adresse lue sur https://theiboost.com/om/career/ - SMTP RCPT 250 verifie, faux handle non-250 (pas catch-all)"
Vitalia Clinics,Healthcare,1,https://www.vitalia-clinics.com,info@vitalia-clinics.com,Al Khobar,auto-refill-routine,MX_VALID,Marketing Manager | cv:generic
Al Ryan Polyclinic,Healthcare,1,https://ryanriyadh.com,info@ryanriyadh.com,Riyadh,auto-refill-routine,MX_VALID,Marketing Manager | cv:generic
Team Academy Saudi,Training,1,https://teamacademysaudi.com,info@teamacademy.net,Riyadh,auto-refill-routine,MX_VALID,Digital Marketing Manager | cv:generic
Vera Interior,Interior Design,1,https://verainterior.com,info@verainterior.com,Riyadh,auto-refill-routine,MX_VALID,Marketing Manager | cv:generic
Art and Science Dental Clinic,Healthcare,1,https://www.artscienclinic.com,info@artscienclinic.com,Al Khobar,auto-refill-routine,MX_VALID,Digital Marketing Manager | cv:generic
United SEO,Marketing Agency,1,https://unitedseo.sa,info@unitedseo.sa,Jeddah,auto-refill-routine,MX_VALID,Performance Marketing Manager | cv:generic
Alzaman,Marketing Agency,1,https://alzaman.net,info@alzaman.net,Jeddah,auto-refill-routine,MX_VALID,Digital Marketing Manager | cv:generic
Insights,Marketing Agency,1,https://insightss.co,info@insightss.co,Jeddah,auto-refill-routine,MX_VALID,Digital Marketing Manager | cv:generic
Premium Support Facility Management,Facility Management,1,https://www.premium-sa.com,info@premium-sa.com,Jeddah,auto-refill-routine,MX_VALID,Marketing Manager | cv:generic
CFM Saudi,Facility Management,1,https://cfmsaudi.com,info@cfmsaudi.com,Riyadh,auto-refill-routine,MX_VALID,Marketing Manager | cv:generic
Al-Majd International School Dammam,Education,1,https://almajdinternationalschool.com,info@misd.edu.sa,Dammam,auto-refill-routine,MX_VALID,Marketing Manager | cv:generic
International Indian School Dammam,Education,1,https://iisdammam.edu.sa,hrd@iisdammam.edu.sa,Dammam,auto-refill-routine,MX_VALID,Marketing Manager | cv:generic
Five Moon,Facility Management,1,https://fivemoon.com.sa,marketing@fivemoon.com.sa,Riyadh,auto-refill-routine,MX_VALID,Digital Marketing Manager | cv:generic
Central Hospital Sharjah,Healthcare,2,https://centralhospitalsharjah.com,hr@centralhospitaluae.com,Sharjah,auto-refill-routine,MX_VALID,Marketing Manager | cv:generic | country:UAE
Sharjah Cement Factory,Manufacturing,2,http://sharjahcements.com,scf@sharjahcementfactory.ae,Sharjah,auto-refill-routine,MX_VALID,Marketing Manager | cv:generic | country:UAE
Orient Freight Solutions,Logistics,2,https://ofsae.com,info@ofsae.com,Dubai,auto-refill-routine,MX_VALID,Marketing Manager | cv:generic | country:UAE
dnata Logistics,Logistics,2,https://www.dnatalogistics.com,hr@dnatalogistics.com,Dubai,auto-refill-routine,MX_VALID,Marketing Manager | cv:generic | country:UAE
TFI World,Logistics,2,https://tfiworld.com,careers@ae.tfiworld.com,Dubai,auto-refill-routine,MX_VALID,Marketing Manager | cv:generic | country:UAE
GSL Dubai,Logistics,2,https://www.gsldubai.com,info@gsldubai.com,Dubai,auto-refill-routine,MX_VALID,Marketing Manager | cv:generic | country:UAE
Doha Real Estate and Development Co,Real Estate,2,https://drdc.qa,info@drdc.qa,Doha,auto-refill-routine,MX_VALID,Marketing Manager | cv:generic | country:Qatar
AQAR Real Estate,Real Estate,2,https://www.aqar.com.qa,info@aqar.com.qa,Doha,auto-refill-routine,MX_VALID,Digital Marketing Manager | cv:generic | country:Qatar
Al Mana Real Estate,Real Estate,2,https://almana-realestate.com,info.are@almanagroup.com,Doha,auto-refill-routine,MX_VALID,Marketing Manager | cv:generic | country:Qatar
Queens Qatar School,Education,2,https://queensqatar.school,info@queensqatar.school,Doha,auto-refill-routine,MX_VALID,Marketing Manager | cv:generic | country:Qatar
Qatar Trading Company,Trading,2,https://qatartradingcompany.com,info@qtc-qatar.com,Doha,auto-refill-routine,MX_VALID,Marketing Manager | cv:generic | country:Qatar
International Medical Centre Qatar,Healthcare,2,https://theimcentre.com,info@theimcentre.com,Doha,auto-refill-routine,MX_VALID,Marketing Manager | cv:generic | country:Qatar
New Generation Private School Bahrain,Education,2,https://ngisbahrain.com,info@ngisbahrain.com,Manama,auto-refill-routine,MX_VALID,Marketing Manager | cv:generic | country:Bahrain
Dana Mall,Retail,2,https://danamallbh.com,info@danamallbh.com,Manama,auto-refill-routine,MX_VALID,Marketing Manager | cv:generic | country:Bahrain
NMC Healthcare Oman,Healthcare,2,https://www.nmcoman.com,hrd@nmcoman.com,Muscat,auto-refill-routine,MX_VALID,Marketing Manager | cv:generic | country:Oman
Muscat International School by Amity,Education,2,https://mis.edu.om,careers@mis.edu.om,Muscat,auto-refill-routine,MX_VALID,Marketing Manager | cv:generic | country:Oman
Al Shomoukh International School,Education,2,https://www.alshomoukh.com,admission@alshomoukh.com,Muscat,auto-refill-routine,MX_VALID,Marketing Manager | cv:generic | country:Oman
TAM PRO General Contracting,Construction,1,https://tamcompany2030.com,info@tamcompany2030.com,Riyadh,auto-refill-routine,MX_VALID,Marketing Manager | cv:generic
CEPCO Civil and Electrical Projects Contracting,Construction,1,https://www.cepco-sa.com,info@CEPCO-sa.com,Jeddah,auto-refill-routine,MX_VALID,Marketing Manager | cv:generic
Ziyara Hospitality,Hospitality,1,https://ziyarahospitality.com,info@ziyarahospitality.com,Makkah,auto-refill-routine,MX_VALID,Digital Marketing Manager | cv:hospitality
Healthcare Polyclinic Dammam,Healthcare,1,https://healthcare.com.sa,admin@healthcare.com.sa,Dammam,auto-refill-routine,MX_VALID,Digital Marketing Manager | cv:generic
Ryan Clinic Dammam,Healthcare,1,https://ryanclinicdammam.com,info@ryanclinicdammam.com,Dammam,auto-refill-routine,MX_VALID,Digital Marketing Manager | cv:generic
Almutlaq Furniture,Retail,1,https://almutlaqfurniture.com,projects@almutlaqfurniture.com,Riyadh,auto-refill-routine,MX_VALID,Marketing Manager | cv:generic
Saudi Aramco Mobil Refinery Company (SAMREF),Energy - oil refining,1,https://www.samref.com.sa,info@samref.com.sa,Yanbu,auto-refill-routine,MX_VALID,Marketing Manager | cv:generic
Bawan Company,Industrial manufacturing and building materials,1,https://www.bawan.com.sa,info@bawan.com.sa,Riyadh,auto-refill-routine,MX_VALID,Marketing Manager | cv:generic
Abunayyan Holding,Industrial energy and water services,1,https://www.abunayyanholding.com,info@abunayyanholding.com,Riyadh,auto-refill-routine,MX_VALID,Marketing Director | cv:generic
Al Rashed Steel,Steel and building materials,1,https://alrashed-steel.com,info@alrashed-steel.com,Dammam,auto-refill-routine,MX_VALID,Marketing Manager | cv:generic
Bahra Electric,Cable and electrical manufacturing,1,https://bahra-electric.com,marketing@bahra-electric.com,Jeddah,auto-refill-routine,MX_VALID,Brand Marketing Manager | cv:generic
Nasser S. Al Hajri Corporation (NSH),Industrial contracting,1,https://www.nsh.sa,info@nsh.sa,Al Khobar,auto-refill-routine,MX_VALID,Marketing Manager | cv:generic
AFCC Global,Engineering and electrical services,1,https://www.afccglobal.com,info@afccglobal.com,Al Khobar,auto-refill-routine,MX_VALID,Digital Marketing Manager | cv:generic
Al-Babtain Power & Telecommunication,Power equipment manufacturing,1,https://www.al-babtain.com.sa,corporateoffice@al-babtain.com.sa,Riyadh,auto-refill-routine,MX_VALID,Marketing Manager | cv:generic
Saudi Cable Company,Cable manufacturing,1,https://www.saudicable.com,info@saudicable.com,Jeddah,auto-refill-routine,MX_VALID,Marketing Manager | cv:generic
City Cement Company,Building materials - cement,1,https://citycement.sa,Recruitment@CityCement.sa,Riyadh,auto-refill-routine,MX_VALID,Marketing Manager | cv:generic
Saudi Industrial Services Company (SISCO),Industrial services and logistics,1,https://www.sisco.com.sa,hr@sisco.com.sa,Jeddah,auto-refill-routine,MX_VALID,Marketing Manager | cv:generic
Saudi Arabian Glass Company (SAGCO),Glass packaging manufacturing,1,https://saudi-glass.com,marketing@saudi-glass.com,Jeddah,auto-refill-routine,MX_VALID,Brand Marketing Manager | cv:generic
Naizak Global Engineering Systems,Engineering services for oil gas and power,1,https://naizak.com,info@naizak.com,Al Khobar,auto-refill-routine,MX_VALID,Digital Marketing Manager | cv:generic
Al Ittefaq Steel Products Company (ISPC),Steel manufacturing,1,https://www.ittefaqsteel.com,info@ittefaqsteel.com,Dammam,auto-refill-routine,MX_VALID,Marketing Manager | cv:generic
Kingdom Hospital and Consulting Clinics,Healthcare,1,https://kingdomhospital.net/,info@khccgroup.com,Riyadh,auto-refill-routine,MX_VALID,Marketing Director | cv:generic
Dr. Erfan and Bagedo General Hospital,Healthcare,1,https://ebgh.med.sa/,px@ebgh.sa,Jeddah,auto-refill-routine,MX_VALID,Marketing Manager | cv:generic
Alfa Medical Laboratories,Healthcare,1,https://alfalab.com.sa/en,info@alfalab.com.sa,Riyadh,auto-refill-routine,MX_VALID,Marketing Manager | cv:generic
Makkah Medical Center,Healthcare,1,https://mmc.med.sa/,mmc@mmc.med.sa,Makkah,auto-refill-routine,MX_VALID,Marketing Manager | cv:generic
Tadawi Medical Group,Healthcare,1,https://tadawigroup.com/,info@tadawigroup.com,Abha,auto-refill-routine,MX_VALID,Digital Marketing Manager | cv:generic
Adel Pharmacies,Pharmacy,1,https://adelpharma.com/,info@adelmail.com,Buraidah,auto-refill-routine,MX_VALID,Marketing Manager | cv:generic
Batterjee Medical College,Education,1,https://bmc.edu.sa/,info@BMC.edu.sa,Jeddah,auto-refill-routine,MX_VALID,Marketing Director | cv:generic
Al-Andalus International Schools,Education,1,https://as.edu.sa/,Crm@as.edu.sa,Jeddah,auto-refill-routine,MX_VALID,Marketing Manager | cv:generic
Advanced Learning Schools,Education,1,https://www.alsschools.edu.sa/,info@alsschools.com,Riyadh,auto-refill-routine,MX_VALID,Marketing Manager | cv:generic
Fahd bin Sultan University,Education,1,https://fbsu.edu.sa/,info@fbsu.edu.sa,Tabuk,auto-refill-routine,MX_VALID,Marketing Director | cv:generic
Al-Khandaq Private Schools,Education,1,https://alkhandaq.edu.sa/,info@alkhandaq.edu.sa,Madinah,auto-refill-routine,MX_VALID,Marketing Manager | cv:generic
Al Jeel Model Private Schools,Education,1,https://aljeelschools.com/,enquiries@aljeelschools.com,Taif,auto-refill-routine,MX_VALID,Marketing Manager | cv:generic
Al-Rowad Private Schools,Education,1,https://arrowad.sch.sa/,info-burayda@arrowad.sch.sa,Buraidah,auto-refill-routine,MX_VALID,Marketing Manager | cv:generic
Al-Fadeelah Private Schools,Education,1,https://alfadeelah.edu.sa/,info@alfadeelah.edu.sa,Hail,auto-refill-routine,MX_VALID,Marketing Manager | cv:generic
BinDawood Holding,Retail,1,https://www.bindawoodholding.com,cs@bindawood.com,Jeddah,auto-refill-routine,MX_VALID,Marketing Manager | cv:generic
Al Khozama Investment,Hospitality,1,https://alkhozama.com,info@Alkhozama.com,Riyadh,auto-refill-routine,MX_VALID,Director of Marketing | cv:hospitality
Ajlan & Bros Holding,Retail,1,https://ajlanbros.com,info@ajlanbros.com,Riyadh,auto-refill-routine,MX_VALID,Marketing Manager | cv:generic
Alsulaiman Group,Retail,1,https://alsulaimangroup.com,info@alsulaimangroup.com,Jeddah,auto-refill-routine,MX_VALID,Digital Marketing Manager | cv:generic
Al Sorayai Group,Retail,1,https://www.al-sorayai.com,care@al-sorayai.com,Jeddah,auto-refill-routine,MX_VALID,Brand Marketing Manager | cv:generic
Boutique Group,Hospitality,1,https://www.boutiquegroup.com,info@boutiquegroup.com,Riyadh,auto-refill-routine,MX_VALID,Director of Marketing | cv:hospitality
El Khayyat Center,Retail,1,https://elkhayyatcenter.com,info@el-khayyat.com,Jeddah,auto-refill-routine,MX_VALID,Marketing Manager | cv:generic
CATRION Group,F&B,1,https://www.catrion.com,info@catrion.com,Jeddah,auto-refill-routine,MX_VALID,Marketing Manager | cv:generic
Nofa Resorts,Hospitality,1,https://www.nofaresorts.com,recruitment@nofaresorts.com,Riyadh,auto-refill-routine,MX_VALID,"Director of Sales and Marketing | cv:hospitality | 28.08: reservations@ remplace par recruitment@ (SMTP RCPT 250, faux handle 550, hr@ existe aussi)"
Century 21 Saudi,Real Estate,1,https://century21.sa,info@century21.sa,Riyadh,auto-refill-routine,MX_VALID,Marketing Manager | cv:generic
Flyin.com,Tourism,1,https://www.flyin.com,customercare@flyin.com,Riyadh,auto-refill-routine,DROP_NO_HIRING_MAILBOX,"Performance Marketing Manager | cv:generic | 28.08: boite service client, aucune adresse RH n'existe (careers/hr/jobs/recruitment tous 550) - retire de la file"
Umm Al Qura for Development and Construction,Real Estate,1,https://www.ummalqura.com.sa,info@ummalqura.com.sa,Makkah,auto-refill-routine,MX_VALID,Marketing Manager | cv:generic
Nana,Retail,1,https://nana.sa,support@nana.sa,Riyadh,auto-refill-routine,DROP_NO_HIRING_MAILBOX,"E-commerce Marketing Manager | cv:generic | 28.08: boite service client, aucune adresse RH n'existe (careers/hr/jobs/recruitment tous 550) - retire de la file"
BAAN Holding Group,Hospitality,1,https://www.baanholding.com,info@baanholding.com,Riyadh,auto-refill-routine,MX_VALID,Group Marketing Director | cv:hospitality
Deyaar Development,Real Estate,2,https://www.deyaar.ae,contactus@deyaar.ae,Dubai,auto-refill-routine,MX_VALID,Marketing Manager | cv:generic | country:UAE
Digital Wave X,Agency,2,https://digitalwavex.ae,career@digitalwavex.ae,Dubai,auto-refill-routine,MX_VALID,Performance Marketing Manager | cv:generic | country:UAE
Dubai International Private School,Education,2,https://www.dipschool.ae,dischool@dischool.com,Dubai,auto-refill-routine,MX_VALID,Marketing Manager | cv:generic | country:UAE
Dubai Medical University Hospital,Healthcare,2,https://dmuh.ae,careers@dmuh.ae,Dubai,auto-refill-routine,MX_VALID,Marketing Manager | cv:generic | country:UAE
Msheireb Properties,Real Estate,2,https://www.msheirebproperties.com,customerservice@msheireb.com,Doha,auto-refill-routine,MX_VALID,Brand Marketing Manager | cv:generic | country:Qatar
Century Hotel Doha,Hospitality,2,https://www.centuryhoteldoha.com,info@centuryhoteldoha.com,Doha,auto-refill-routine,MX_VALID,Marketing Manager | cv:hospitality | country:Qatar
Qanect Communications,Agency,2,https://www.qanect.com,info@qanect.com,Doha,auto-refill-routine,MX_VALID,Account Director | cv:generic | country:Qatar
The Sultan Center,Retail,2,https://corporate.sultan-center.com,hr@sultan-center.com,Kuwait City,auto-refill-routine,MX_VALID,"Marketing Director | cv:generic | country:Kuwait | 28.08: service client remplace par hr@ (SMTP RCPT 250, faux handle 550)"
National Real Estate Company,Real Estate,2,https://www.nrec.com.kw,info@nrec.com.kw,Kuwait City,auto-refill-routine,MX_VALID,Marketing Manager | cv:generic | country:Kuwait
CliqTechno,Agency,2,https://www.cliqtechno.com,sales@cliqtechno.com,Farwaniya,auto-refill-routine,DROP_NO_HIRING_MAILBOX,"Digital Marketing Manager | cv:generic | country:Kuwait | 28.08: boite service client, aucune adresse RH n'existe (careers/hr/jobs/recruitment tous 550) - retire de la file"
BMMI Group,Retail,2,https://www.bmmigroup.com,getintouch@bmmi.com.bh,Manama,auto-refill-routine,MX_VALID,Marketing Manager | cv:generic | country:Bahrain
Al Nahda Resort & Spa,Hospitality,2,https://alnahdaresort.com,stay@alnahdaresort.com,Barka,auto-refill-routine,MX_VALID,Marketing Manager | cv:hospitality | country:Oman
MESDAC,Agency,2,https://www.mesdac.com,info@mesdac.com,Muscat,auto-refill-routine,MX_VALID,Digital Marketing Manager | cv:generic | country:Oman
Pakistan International School Al-Taif,Education,1,https://pistaif.com,admin@pistaif.com,Taif,auto-refill-routine,MX_VALID,Marketing and Admissions Manager | cv:generic
Taif Chamber of Commerce and Industry,Chamber of Commerce,1,https://www.taifcci.org.sa,info@taifcci.org.sa,Taif,auto-refill-routine,MX_VALID,Marketing and Communications Manager | cv:generic
Yanbu Chamber of Commerce and Industry,Chamber of Commerce,1,https://ynbcci.org.sa,info@ynbcci.org.sa,Yanbu,auto-refill-routine,MX_VALID,Marketing and Communications Manager | cv:generic
Tabuk Chamber of Commerce and Industry,Chamber of Commerce,1,https://tabukchamber.sa,info@tabukchamber.sa,Tabuk,auto-refill-routine,MX_VALID,Marketing and Communications Manager | cv:generic
Dar Tantora The House Hotel,Hospitality,1,https://dartantora.co,dartantora@kertenhospitality.com,AlUla,auto-refill-routine,MX_VALID,Marketing Manager | cv:hospitality
Al Hussan Education and Training,Education,1,https://www.alhussan.edu.sa,headoffice@alhussan.edu.sa,Dammam,auto-refill-routine,MX_VALID,Marketing and Admissions Manager | cv:generic
Metro Co Ltd,Construction,1,https://metro-sa.com,info@metro-sa.com,Al Khobar,auto-refill-routine,MX_VALID,Marketing Manager | cv:generic
Al-Qahtani Construction and Building Co,Construction,1,https://ahqsons.com,info@ahqsons.com,Dammam,auto-refill-routine,MX_VALID,Marketing Manager | cv:generic
Shapes Advertising,Marketing Agency,1,https://shapesadvertising.com,info@shapesadvertising.com,Al Khobar,auto-refill-routine,MX_VALID,Performance Marketing Manager | cv:generic
Al Shammari Advertising,Marketing Agency,1,https://alshammari.sa,info@alshammari.sa,Jubail,auto-refill-routine,MX_VALID,Performance Marketing Manager | cv:generic
Ram Clinics,Healthcare,1,https://ramclinics.net,ramsupport@ramclinics.com,Al Khobar,auto-refill-routine,MX_VALID,Digital Marketing Manager | cv:generic
Khalifa A. Algosaibi Group,Conglomerate,1,https://www.algosaibi.com.sa,info@algosaibi.sa,Dammam,auto-refill-routine,MX_VALID,Marketing Manager | cv:generic
Arabian Furniture and Design Company,Retail,1,https://afdc.com.sa,info@afdc.com.sa,Dammam,auto-refill-routine,MX_VALID,Marketing Manager | cv:generic
Saudi Catering and Contracting Company,Food and Beverage,1,https://saudicatering.net,genmgt@saudicatering.net,Al Khobar,auto-refill-routine,MX_VALID,Marketing Manager | cv:generic
QAF Catering Services,Food and Beverage,1,https://qafcatering.com,info@qafcatering.com,Al Khobar,auto-refill-routine,MX_VALID,Brand Marketing Manager | cv:brand
EGT Group,Food and Beverage,1,https://www.egtgroupksa.com,info@egtgroupksa.com,Jubail,auto-refill-routine,MX_VALID,Digital Marketing Manager | cv:generic
Almajdouie Logistics,Logistics,1,https://mlc.sa,logisticscrm@almajdouie.com,Dammam,auto-refill-routine,MX_VALID,Marketing Manager | cv:generic
LogiPoint,Logistics,1,https://www.logipoint.sa,info@LogiPoint.sa,Jeddah,auto-refill-routine,MX_VALID,Digital Marketing Manager | cv:generic
Red Sea Gateway Terminal,Logistics,1,https://www.rsgt.com,communication@rsgt.com,Jeddah,auto-refill-routine,MX_VALID,Communications Manager | cv:generic
Saudi Ground Services,Aviation,1,https://www.saudiags.com,PR@saudiags.com,Jeddah,auto-refill-routine,MX_VALID,Brand and Communications Manager | cv:brand
Zajil Express,Logistics,1,https://zajil-express.com,marketing@zajil-express.com,Riyadh,auto-refill-routine,MX_VALID,Performance Marketing Manager | cv:generic
SAPTCO,Logistics,1,https://www.saptco.com.sa,info@saptco.com.sa,Riyadh,auto-refill-routine,MX_VALID,Marketing Manager | cv:generic
A.A. Turki Corporation ATCO Group,Conglomerate,1,https://www.atcogroup.com,atcocommercial@atco.com.sa,Dammam,auto-refill-routine,MX_VALID,Marketing Manager | cv:generic
ADES Holding,Energy Services,1,https://www.adesgroup.com,hr@adesgroup.com,Al Khobar,auto-refill-routine,MX_VALID,Brand and Communications Manager | cv:brand
NESR National Energy Services Reunited,Energy Services,1,https://www.nesr.com,info@nesr.com,Al Khobar,auto-refill-routine,MX_VALID,Marketing and Communications Manager | cv:generic
ACWA Power,Energy,1,https://www.acwapower.com,corporate.communications@acwapower.com,Riyadh,auto-refill-routine,MX_VALID,Brand and Communications Manager | cv:brand
National Metal Manufacturing and Casting Co,Industrial,1,https://www.maadaniyah.com,info@maadaniyah.com,Dammam,auto-refill-routine,MX_VALID,Marketing Manager | cv:generic
Saudi Paper Manufacturing Co,Industrial,1,https://saudipaper.com,careers@saudipaper.com,Dammam,auto-refill-routine,MX_VALID,E-commerce Marketing Manager | cv:generic
Binzagr Company,FMCG,1,https://www.binzagr.com.sa,info@binzagr.com.sa,Jeddah,auto-refill-routine,MX_VALID,Brand Marketing Manager | cv:brand
Abha Chamber of Commerce and Industry,Chamber of Commerce,1,https://www.abhacci.org.sa,Support@abhacci.org.sa,Abha,auto-refill-routine,MX_VALID,Digital Marketing Manager | cv:generic
Al Themal Hospital,Healthcare,1,https://althemal.com.sa,info@althemal.com.sa,Abha,auto-refill-routine,MX_VALID,Digital Marketing Manager | cv:generic
Al Ghad International Colleges Abha,Education,1,https://alghadabha.com,abhad@gc.edu.sa,Abha,auto-refill-routine,MX_VALID,Marketing Manager | cv:generic
Asir Coffee Association,Food and Beverage,1,https://asir-coffee.org,info@asir-coffee.org,Abha,auto-refill-routine,MX_VALID,Brand Manager | cv:brand
Al Mada Arab Hotel Company,Hospitality,1,https://www.almadahotel.com,sales@almadahotel.com,Jazan,auto-refill-routine,MX_VALID,Marketing Manager | cv:hospitality
Horizon Plus Hotel,Hospitality,1,https://hhpls.com,info@hhpls.com,Najran,auto-refill-routine,MX_VALID,Digital Marketing Manager | cv:hospitality
Sarwat Park Hotels,Hospitality,1,https://sarwatpark.com,Info@sarwatpark.com,Abha,auto-refill-routine,MX_VALID,Marketing Manager | cv:hospitality
Rheb Tourism,Tourism,1,https://rheb.sa,info@rheb.sa,Abha,auto-refill-routine,MX_VALID,Marketing Manager | cv:generic
Saudi German Hospital Aseer,Healthcare,1,https://abha.saudigermanhealth.com,jobs@sghgroup.net,Khamis Mushait,auto-refill-routine,MX_VALID,Digital Marketing Manager | cv:generic
Grand Iva Hotel Abha,Hospitality,1,https://www.grandivahotelabha.com,info@grandivahotelabha.com,Abha,auto-refill-routine,MX_VALID,Marketing Manager | cv:hospitality
Al Nomais Medical Complex,Healthcare,1,https://alnomais.com,info@alnomais.com,Khamis Mushait,auto-refill-routine,MX_VALID,Digital Marketing Manager | cv:generic
Canadian International School Abu Dhabi,Education,2,https://cisabudhabi.com,hr@cisabudhabi.com,Abu Dhabi,auto-refill-routine,MX_VALID,Marketing Manager | cv:generic | country:UAE
Abu Dhabi Stem Cells Center,Healthcare,2,https://adscc.ae,careers@adscc.ae,Abu Dhabi,auto-refill-routine,MX_VALID,Digital Marketing Manager | cv:generic | country:UAE
Al Yasat Private School,Education,2,https://www.alyasat-school.com,info@alyasat-school.com,Abu Dhabi,auto-refill-routine,MX_VALID,Marketing Manager | cv:generic | country:UAE
Model Private School,Education,2,https://themodel.ae,info@themodel.ae,Abu Dhabi,auto-refill-routine,MX_VALID,Social Media Manager | cv:generic | country:UAE
Reem Hospital,Healthcare,2,https://www.reemhospital.com,contactus@reemhospital.ae,Abu Dhabi,auto-refill-routine,MX_VALID,Performance Marketing Manager | cv:generic | country:UAE
Bloom Holding,Real Estate,2,https://www.bloomholding.com,customerservice@bloomholding.com,Abu Dhabi,auto-refill-routine,MX_VALID,Brand Marketing Manager | cv:brand | country:UAE
City University Ajman,Education,2,https://cu.ac.ae,info@cu.ac.ae,Ajman,auto-refill-routine,MX_VALID,Marketing Manager | cv:generic | country:UAE
Ain Al Khaleej Hospital,Healthcare,2,https://www.ak-hospital.com,info@ak-hospital.com,Al Ain,auto-refill-routine,MX_VALID,Marketing Manager | cv:generic | country:UAE
Hamriyah Free Zone Authority,Logistics,2,https://www.hfza.ae,info@hfza.ae,Sharjah,auto-refill-routine,MX_VALID,Brand Marketing Manager | cv:brand | country:UAE
Sharjah Media City Shams,Media,2,https://www.shams.ae,info@shams.ae,Sharjah,auto-refill-routine,MX_VALID,Digital Marketing Manager | cv:generic | country:UAE
Oceanic Khorfakkan Resort and Spa,Hospitality,2,https://www.oceanichotel.com,reservations@oceanichotel.com,Khorfakkan,auto-refill-routine,MX_VALID,Marketing Manager | cv:hospitality | country:UAE
Sandy Beach Hotel and Resort,Hospitality,2,https://sandybeach.ae,hello@sandybeach.ae,Fujairah,auto-refill-routine,MX_VALID,E-commerce Marketing Manager | cv:hospitality | country:UAE
Indian Excellent Private School,Education,2,https://iessharjah.com,info@iessharjah.com,Sharjah,auto-refill-routine,MX_VALID,Social Media Manager | cv:generic | country:UAE
RAK Academy,Education,2,https://www.rakacademy.org,admission@rakacademy.org,Ras Al Khaimah,auto-refill-routine,MX_VALID,Marketing Manager | cv:generic | country:UAE
